17422,-0.13,0.11,6.96,6.95,4.4,-0.03
17430,-0.22,0.05,7.64,6.47,4.4,-0.01
17439,-0.13,0.01,7.08,6.94,4.4,0
17448,-0.22,0,6.94,6.94,4.61,0.01
17457,-0.22,0.01,7.13,6.96,3.98,0.02
17465,-0.22,0.08,6.69,7.21,4.19,-0.02
17474,-0.22,0.06,7.32,6.73,4.19,-0.01
17483,-0.31,0.04,7.12,6.88,4.19,0
17492,-0.31,0,7.02,6.89,3.98,0.02
17501,-0.22,0.03,6.75,7.19,3.98,0.01
17511,-0.04,0.1,6.92,7.03,4.61,-0.03
17521,-0.57,-0.02,7.64,6.45,2.72,0.05
17530,-0.31,0.08,6.16,7.65,3.35,-0.01
17538,-0.04,0.09,7.14,6.84,3.56,-0.01
17547,-0.22,0.09,7.21,6.91,3.56,-0.02
17557,-0.22,0.03,7.17,6.91,3.77,0
17568,-0.22,0,6.94,7.03,2.72,0.04
17577,-0.22,0.12,6.31,7.53,3.14,-0.02
17587,-0.22,0.12,7.42,6.62,2.72,-0.02
17596,-0.22,0.05,7.34,6.75,3.14,0
17605,-0.04,0.05,7.06,6.93,3.14,-0.01
17613,-0.22,0.01,7.19,6.92,2.72,0.02
17624,-0.22,0.11,6.58,7.3,2.72,-0.03
17633,-0.22,0.04,7.68,6.45,2.3,0.01
17641,-0.04,0.05,7.08,6.93,2.51,-0.01
17650,-0.22,0,7.12,6.75,2.72,0.01
17660,0.48,0.03,6.91,7.07,2.72,0
17668,-0.22,0.04,6.95,6.94,2.51,0
17677,-0.13,0.03,6.98,7.02,2.72,0
17687,-0.22,0.07,6.83,7.06,2.3,0
17697,-0.13,0.06,7.06,6.85,2.72,-0.01
17706,-0.22,0.04,7.15,6.85,2.72,0
17716,-0.13,0.04,6.9,7.03,2.3,0.01
17724,-0.04,0.04,6.82,7.1,1.47,0.03
17734,-0.31,0.15,6.51,7.29,2.09,-0.03
17742,-0.57,0.09,7.47,6.53,2.09,-0.01
17752,-0.22,0.05,6.9,6.99,2.09,0
17762,-0.22,0.04,7.09,6.83,2.09,0.01
17771,-0.13,0.04,6.8,7.07,2.3,0.01
17779,-0.22,0.08,6.77,7.14,2.09,-0.01
17789,-0.31,0.06,7.26,6.76,1.67,0.01
17799,-0.13,0.09,6.85,7.07,1.88,-0.02
17808,-0.22,0.09,7.23,6.81,1.67,-0.02
17816,-0.13,0.02,7.35,6.69,1.67,0.01
17825,-0.22,0.05,6.93,7.08,1.88,-0.01
17835,-0.31,0.02,7.46,6.65,1.67,0
17844,-0.13,0.04,6.88,7.07,1.05,0
17854,-0.13,0.05,7.04,6.98,1.67,-0.01
17864,-0.22,0.01,7.28,6.75,1.67,0.01
17873,-0.22,0.03,6.84,7.12,1.47,0
17883,-0.22,0.06,6.92,7.05,1.47,-0.01
17893,-0.13,0.04,7.41,6.68,1.26,0
17902,-0.31,0.07,6.73,7.13,1.26,-0.02
17911,-0.22,0.04,6.9,7.03,1.47,0
17921,-0.13,0.05,6.74,7.17,1.47,0
17929,-0.22,0.07,6.86,7.07,1.26,0
17939,0.48,0.1,6.67,7.15,1.26,-0.01
17948,-0.13,0.11,6.95,7.04,1.05,-0.01
17958,-0.4,0.09,6.99,6.99,1.26,0
17967,-0.13,0.08,7.1,6.93,1.05,0
17976,-0.13,0.06,7.05,6.87,1.05,0.01
17985,-0.13,0.05,6.84,7.03,1.05,0.01
17994,-0.13,0.1,6.85,7.08,1.26,-0.01
18003,-0.84,0.08,7.14,6.81,1.05,0
18012,-0.13,0.06,7.27,6.78,0.84,0
18022,-0.04,0.09,6.94,6.99,0.63,-0.01
18032,-0.13,0.04,7.36,6.81,0.84,0
18042,-0.13,0.02,7.01,6.95,1.05,0.01
18050,-0.31,0.04,7.09,6.93,0.21,0.01
18060,-0.13,0.1,6.9,7.06,0,-0.02
18070,-0.13,0.05,7.31,6.77,0.42,-0.01
18079,-0.04,0.04,7.23,6.83,-0.42,0.01
18087,-0.22,0.03,6.94,7.02,0.21,0
18096,-0.04,0.07,6.87,7.12,0.21,-0.01
18105,-0.22,0.06,7.31,6.77,0.63,-0.02
18114,-0.13,0,7.15,6.84,1.05,0
18123,-0.22,0,6.92,6.98,0.42,0.02
18132,-0.22,0.06,6.67,7.24,0.63,-0.01
18141,-0.22,0.08,6.98,7.01,0.42,-0.01
18149,-0.13,0.05,7.37,6.74,0.42,0.01
18159,-0.84,0.03,6.74,7.03,0.42,0.01
18169,-0.13,0.07,6.99,7.08,0,0
18178,-0.13,0.08,7.22,6.77,0.42,-0.01
18187,-0.13,0.05,7.43,6.62,0,0
18195,-0.13,0.01,7.25,6.8,0.21,0.01
18205,-0.13,0.02,6.8,7.1,0,0.01
18214,-0.13,0.05,6.99,6.97,0,0
18223,-0.13,0.05,7.13,6.83,0,0
18232,-0.13,0.03,7.06,6.85,0.21,0
18241,-0.31,0.04,6.98,6.99,0,0
18250,-0.31,0.07,6.97,6.92,0.63,-0.02
18260,-0.13,0.02,7.57,6.57,0,0.01
18270,-0.13,0.04,6.87,7.07,0.21,-0.01
18279,-0.13,0.02,7.27,6.72,0.21,0
18288,-0.22,0.02,6.73,7.1,-0.21,0.01
18298,-0.31,0.03,6.9,6.9,-0.21,0.01
18307,-0.22,0.07,6.7,7.15,-0.42,0
18317,0.04,0.11,7.11,6.9,-0.63,-0.01
18325,-0.22,0.07,7.28,6.82,-0.42,-0.01
18336,-0.04,0.02,7.07,6.88,-0.21,0.01
18346,-0.22,0.03,6.7,7.18,-1.26,0.03
18355,-0.13,0.08,6.82,7.08,-0.63,0
18365,0.66,0.12,7.24,6.76,-0.84,-0.02
18375,-0.13,0.08,7.59,6.52,-1.26,-0.02
18385,-0.22,0.01,7.12,6.94,-1.05,0
18394,-0.22,0,6.76,7.13,-0.84,0.02
18405,-0.13,0.02,6.95,7.03,-1.26,0.02
18414,-0.13,0.12,6.69,7.22,-1.05,-0.02
18423,-0.22,0.1,7.4,6.61,-1.26,-0.01
18431,-0.22,0.04,7.39,6.7,-1.05,0
18442,-0.4,-0.01,7.23,6.79,-1.26,0.02
18451,-0.22,0.01,6.7,7.26,-1.05,0.01
18460,-0.13,0.07,6.77,7.19,-1.67,0.01
18469,-0.13,0.09,7.1,6.87,-1.26,-0.01
18478,-0.13,0.09,7.08,6.87,-1.67,-0.01
18487,-0.22,0.04,7.3,6.76,-1.88,0.01
18497,-0.13,0.05,6.82,7.1,-1.47,0.01
18507,-0.22,0.05,6.83,7,-1.47,0.01
18516,-0.04,0.07,6.98,6.99,-1.88,0.01
18525,-0.13,0.11,6.96,6.99,-1.88,-0.01
18535,-0.04,0.07,7.39,6.7,-2.09,0
18543,-0.13,0.07,7.01,6.93,-2.09,0
18552,-0.13,0.04,7.04,6.84,-2.3,0.01
18560,-0.13,0.07,6.77,7.03,-1.88,-0.01
18570,-0.13,0.07,7.13,6.82,-2.09,0
18580,-0.22,0.04,7.14,6.82,-2.51,0.01
18590,-0.13,0.08,6.64,7.19,-2.09,-0.01
18598,-0.13,0.05,7.11,6.82,-3.14,0.02
18608,-0.13,0.12,6.77,7.08,-2.3,-0.02
18617,-0.13,0.08,7.41,6.7,-2.09,-0.01
18626,-0.13,0.01,7.44,6.67,-2.93,0.03
18635,-0.04,0.08,6.67,7.14,-2.72,-0.01
18645,0.31,0.05,7.35,6.74,-3.14,0.01
18654,-0.13,0.06,6.85,7.16,-2.72,0
18663,-0.13,0.04,7.06,6.93,-2.3,0.01
18673,-0.04,0.04,6.88,7.09,-2.51,0.02
18682,-0.13,0.07,6.86,6.96,-3.14,0.01
18692,-0.13,0.1,6.89,7.08,-2.93,-0.01
18700,-0.13,0.1,7.11,6.89,-2.93,-0.01
18710,-0.13,0.06,7.12,6.91,-3.98,0.02
18719,-0.13,0.1,6.77,7.15,-3.56,0
18729,-0.04,0.12,7.26,6.81,-3.56,-0.02
18737,-0.13,0.09,7.14,6.87,-3.35,-0.01
18748,-0.04,0.02,7.18,6.79,-2.72,0.01
18758,-0.57,0.03,7.23,6.95,-3.56,0.02
18766,-0.04,0.05,7.02,7.01,-3.35,0.01
18776,-0.04,0.06,7.31,6.76,-3.56,0
18786,0.13,0.06,7.24,6.89,-3.14,-0.01
18795,-0.13,-0.02,7.5,6.56,-3.98,0.03
18803,-0.13,0.03,6.7,7.21,-3.77,0.01
18813,-0.04,0.06,7.02,6.94,-3.98,0
18822,-0.04,0.1,7.09,6.92,-3.56,-0.02
18832,-0.13,0.05,7.32,6.7,-3.98,0
18841,0.04,-0.02,7.24,6.76,-3.98,0.03
18851,-0.13,0.05,6.63,7.18,-3.56,0
18860,-0.04,0.04,7.15,6.84,-3.98,0.01
18869,-0.13,0.09,7.25,6.9,-4.4,-0.01
18878,-0.04,0.04,7.16,6.85,-3.56,0
18888,-0.04,0,7.27,6.86,-3.77,0.02
18898,-0.22,0.06,6.9,7.04,-4.4,0
18906,0.13,0.08,7.19,6.9,-4.4,0
18916,-0.04,0.07,7.38,6.67,-4.81,0
18926,-0.13,0.05,7.13,6.8,-4.61,-0.01
18935,-0.13,0,7.18,6.86,-4.61,0.02
18944,-0.04,0.02,6.84,7.1,-3.98,0.01
18952,-0.13,0.05,6.91,7.04,-4.19,0
18963,-0.13,0.04,6.97,6.97,-5.02,0.03
18971,-0.04,0.09,6.81,7.16,-4.61,0
18981,-0.13,0.12,7.01,6.88,-4.81,-0.01
18990,-0.13,0.1,7.33,6.82,-5.44,0
18999,-0.04,0.06,7.25,6.67,-5.02,0
19007,-0.04,0.05,7.02,6.91,-4.81,0.01
19015,-0.04,0.06,6.9,7.04,-4.81,0.01
19024,-0.04,0.05,6.98,6.92,-5.02,0.01
19032,-0.04,0.09,6.81,7.11,-4.81,0
19041,-0.13,0.08,7.17,6.8,-5.02,0
19049,-0.13,0.08,7.04,6.92,-4.81,0
19057,-0.13,0.05,7.21,6.77,-5.44,0.02
19065,-0.04,0.11,6.67,7.21,-5.44,-0.01
19074,-0.22,0.09,7.21,6.74,-5.65,0
19082,0.04,0.1,7.27,6.76,-5.44,-0.01
19090,0.04,0.05,7.16,6.76,-5.65,0.01
19098,-0.4,0.06,7.1,6.93,-5.44,0
19106,-0.22,0.05,7.02,6.97,-5.65,0.01
19114,-0.04,0.1,6.85,7.11,-5.44,-0.01
19123,-0.04,0.06,7.1,6.84,-5.86,0.01
19131,-0.04,0.06,7.38,6.67,-5.02,0
19140,-0.04,0.07,6.89,7.04,-5.86,0.01
19148,0.04,0.05,6.98,6.94,-6.07,0.02
19157,-0.75,0.11,6.78,7.13,-5.44,-0.01
19166,0.04,0.09,7.21,6.85,-6.07,0
19174,0.04,0.1,6.81,7.02,-6.28,0
19182,-0.04,0.07,6.8,7.04,-6.28,0.02
19190,-0.13,0.14,6.74,7.16,-6.28,-0.01
19199,-0.04,0.14,7.09,6.82,-6.07,-0.01
19208,-0.04,0.09,7.32,6.72,-6.07,0
19216,-0.04,0.07,6.99,6.97,-6.7,0.02
19225,0.04,0.1,6.83,7.18,-6.49,0
19233,0.04,0.12,6.92,7.06,-6.28,-0.01
19241,-0.04,0.1,7.22,6.77,-6.49,0
19250,0.04,0.1,7.06,6.98,-6.28,-0.01
19258,0.13,0.09,7.27,6.77,-6.49,0
19267,0.04,0.06,7.2,6.79,-6.49,0.01
19275,-0.04,0.07,6.96,7,-6.28,0
19284,0.04,0.09,7.1,6.9,-6.28,-0.01
19292,0.04,0.04,7.28,6.74,-6.07,0.01
19300,0.66,0.06,6.86,7.05,-6.49,0
19309,0.04,0.03,6.99,7,-6.49,0.03
19317,0.04,0.14,6.71,7.19,-6.49,-0.02
19325,-0.13,0.1,7.38,6.69,-6.91,0
19334,0.04,0.08,7.07,6.87,-6.7,0
19342,0.04,0.05,7.08,6.9,-6.7,0.02
19351,0.04,0.07,6.81,7.12,-6.91,0.01
19360,-0.48,0.11,6.76,7.15,-6.91,0
19369,0.04,0.13,7.03,6.97,-7.33,0
19377,0.04,0.14,7.05,6.89,-7.33,-0.01
19386,0.13,0.09,7.25,6.81,-7.75,0.01
19395,0.22,0.13,6.7,7.24,-6.91,-0.02
19404,0.13,0.07,7.33,6.65,-7.33,0.01
19413,0.13,0.09,6.82,7.02,-7.33,0
19421,0.13,0.08,7.11,6.92,-7.12,0.01
19430,0.13,0.09,7.19,6.8,-7.12,0
19440,0.22,0.1,7.16,6.8,-6.91,-0.02
19449,0.13,0.03,7.52,6.58,-7.12,0.01
19457,0.84,0.04,6.95,6.97,-7.12,0.01
19467,0.22,0.03,6.88,7.01,-7.54,0.02
19477,0.04,0.1,6.7,7.26,-7.54,-0.01
19486,0.13,0.11,7.21,6.77,-7.33,-0.01
19495,0.04,0.04,7.37,6.57,-7.95,0.02
19505,0.13,0.07,6.81,7.11,-7.33,0
19515,0.13,0.08,7.41,6.58,-8.37,0
19524,0.04,0.1,6.74,7.22,-7.54,-0.02
19534,-0.04,0.04,7.48,6.45,-7.54,0.01
19543,0.13,0.03,6.79,7.2,-7.33,0.01
19552,-0.13,0.05,6.78,7.1,-8.16,0.02
19560,0.13,0.12,7.08,6.93,-8.16,-0.01
19570,0.13,0.11,7.31,6.67,-8.16,-0.02
19579,0.13,0.07,7.28,6.75,-7.95,-0.01
19589,0.13,0,7.35,6.78,-7.95,0.02
19598,0.13,0.03,6.76,7.13,-7.75,0.01
19608,0.13,0.09,6.92,6.92,-8.58,0
19617,0.22,0.07,6.96,6.84,-7.95,0
19626,0.22,0.04,7.3,6.75,-8.37,0.02
19636,0.13,0.03,6.64,7.17,-8.58,0.03
19647,0.22,0.14,7.04,6.79,-8.37,-0.02
19656,0.22,0.07,7.72,6.47,-8.37,0
19665,0.22,0.03,7.3,6.8,-8.79,0.01
19675,0.48,0.03,6.87,7.06,-9.21,0.02
19684,0.13,0.09,6.79,7.06,-9,0
19694,0.22,0.1,7.31,6.69,-9,-0.01
19703,0.13,0.02,7.53,6.6,-8.79,0.01
19713,0.13,0.04,6.75,7.12,-9.21,0.01
19722,-0.13,0.08,6.82,7.05,-9.21,0
19732,0.13,0.09,7.09,6.97,-9,-0.01
19741,-0.04,0.07,7.38,6.62,-9.42,0
19751,0.31,0.07,7.13,6.85,-9.21,0
19759,-0.22,0.03,7.2,6.82,-9.21,0.02
19770,0.13,0.06,6.85,7.1,-9.63,0.01
19780,0.04,0.09,7.09,6.81,-9.42,-0.01
19789,0.22,0.06,7.31,6.65,-9.63,0
19799,0.22,0.04,6.96,6.92,-9.84,0.01
19809,-0.04,0.05,6.75,7.09,-10.05,0.02
19817,0.22,0.08,6.96,6.99,-10.05,0.01
19826,0.22,0.12,6.89,6.99,-10.05,-0.01
19836,0.22,0.09,7.26,6.75,-10.05,0
19847,0.13,0.06,7.16,6.84,-9.84,0.01
19857,0.31,0.09,7.11,6.86,-10.47,0
19866,0.22,0.09,6.82,7.18,-10.26,0
19877,0.22,0.08,7.13,6.85,-9.84,0
19887,0.13,0.12,7.18,6.82,-9.63,-0.03
19895,0.22,0.02,7.63,6.45,-10.47,0.02
19905,0.22,0.06,6.89,7.08,-11.3,0.01
19916,0.22,0.13,6.67,7.15,-11.09,-0.02
19924,0.31,0.07,7.02,6.87,-10.26,0
19934,0.31,0.08,6.72,7.17,-10.47,0.01
19944,0.22,0.08,7.14,6.91,-10.89,0.02
19953,0.31,0.14,6.83,6.99,-10.68,-0.02
19961,0.22,0.13,7.13,6.77,-10.68,-0.02
19971,0.31,0.06,7.1,6.87,-10.47,0.01
19980,0.22,0.06,6.87,7.13,-11.3,0.03
19989,0.13,0.09,6.8,7.15,-11.09,0.02
19998,1.01,0.18,6.82,6.96,-10.47,-0.03
20007,0.22,0.11,7.67,6.5,-10.89,-0.01
20017,0.31,0.02,7.15,6.86,-11.09,0.03
20026,0.31,0.06,6.57,7.29,-11.3,0.02
20036,-0.22,0.15,6.87,6.91,-12.14,0
20046,0.4,0.16,7.49,6.56,-11.72,-0.03
20055,0.22,0.09,7.41,6.51,-10.89,-0.02
20064,0.31,0,7.45,6.67,-10.68,0.01
20074,0.31,-0.01,6.78,6.98,-11.72,0.03
20083,0.22,0.1,6.44,7.35,-11.51,-0.01
20092,0.31,0.09,7.29,6.7,-11.72,0.01
20100,1.1,0.11,7.03,6.85,-11.72,-0.01
20111,0.13,0.05,7.2,6.68,-11.51,0.01
20121,0.31,0.06,6.74,7.19,-11.3,0.01
20130,0.48,0.1,7.2,6.76,-11.51,-0.01
20139,0.31,0.07,7.13,6.93,-11.51,0.01
20148,0.4,0.09,6.79,7.1,-12.77,0.02
20158,0.4,0.14,6.61,7.26,-11.72,-0.01
20167,0.31,0.12,7.75,6.46,-11.72,-0.01
20177,0.4,0.09,7.38,6.72,-11.72,-0.01
20187,0.48,0.02,7.42,6.75,-11.93,0.02
20195,0.4,0.04,6.8,7.11,-12.35,0.02
20204,0.4,0.09,6.95,7.07,-11.72,-0.01
20215,0.4,0.08,7.22,6.88,-12.77,0.01
20225,0.4,0.11,6.65,7.19,-12.56,0
20234,0.57,0.08,7.14,6.79,-12.14,0.01
20244,0.4,0.1,6.75,7.01,-11.72,0
20254,0.31,0.1,7.31,6.79,-12.35,0
20263,0.4,0.08,7.12,6.86,-12.35,0.01
20272,0.48,0.09,7.16,6.9,-12.56,0
20281,0.31,0.1,6.99,6.96,-13.19,0.01
20291,0.4,0.13,7.3,6.78,-13.19,-0.02
20300,0.48,0.08,7.38,6.7,-12.77,-0.01
20309,0.48,0.04,7.09,6.74,-12.98,0.01
20319,0.66,0.03,7.05,6.98,-12.98,0.02
20329,0.4,0.09,6.76,7.29,-12.77,0
20337,0.48,0.09,7.34,6.73,-12.56,0
20348,0.31,0.06,7.29,6.58,-12.77,0.01
20358,0.57,0.06,7.54,6.53,-13.19,0
20366,0.48,0.04,7.14,6.86,-12.35,-0.01
20377,0.4,0.01,7.24,6.86,-12.77,0.02
20386,0.48,0.04,6.95,7.06,-12.77,0.01
20396,0.48,0.09,6.84,7.11,-12.77,-0.01
20404,0.48,0.07,7.47,6.5,-12.35,-0.01
20413,0.4,0.04,7.36,6.64,-13.4,0.02
20422,0.48,0.04,6.94,7.02,-13.4,0.01
20431,0.48,0.12,6.96,6.95,-13.4,-0.02
20440,0.48,0.09,7.46,6.55,-13.4,-0.01
20450,0.4,0.04,7.33,6.69,-13.61,0.01
20460,0.48,0.03,7.06,7.02,-12.98,0
20469,0.48,0.03,7.36,6.6,-13.4,0.01
20479,0.57,0.08,7.23,6.73,-13.4,-0.02
20489,0.4,0.02,7.44,6.56,-13.61,0
20498,0.66,0.01,7.16,6.87,-13.4,0.01
20507,0.4,0.05,6.95,6.89,-13.82,-0.01
20516,0.4,0.03,7.25,6.68,-13.82,0.01
20526,0.48,0.03,6.89,7.08,-13.4,0.01
20536,0.4,0.09,7.1,6.9,-13.19,-0.02
20545,0.4,0.03,7.45,6.59,-13.19,0.01
20553,0.48,0.02,7.23,6.83,-12.56,0
20563,0.4,0.03,6.82,7.04,-12.98,0.01
20571,0.4,0.06,7.08,6.99,-13.4,0.01
20581,0.48,0.11,6.98,6.95,-13.82,-0.01
20592,0.48,0.1,7.07,6.99,-13.61,-0.01
20600,-0.04,0.08,7.27,6.76,-13.61,0
20611,1.1,0.08,6.84,7.07,-13.4,0
20620,0.48,0.08,7.23,6.7,-13.4,0
20630,0.04,0.09,7.38,6.62,-11.51,-0.04
20638,0.13,-0.03,7.94,6.31,-14.03,0.04
20648,0.48,0.04,5.88,7.86,-13.82,0.02
20658,0.4,0.14,6.59,7.17,-13.61,-0.01
20668,0.48,0.14,7.42,6.57,-13.61,-0.01
20676,0.48,0.13,7.35,6.7,-14.03,-0.02
20687,0.57,0.03,7.53,6.53,-14.23,0.02
20697,0.48,0.11,6.54,7.14,-14.44,-0.01
20706,0.66,0.1,7.25,6.71,-14.44,0
20715,0.48,0.06,6.89,6.84,-13.82,0
20725,0.48,0.08,6.88,7.13,-14.86,0.02
20735,0.48,0.1,6.97,7.03,-14.23,0
20744,0.75,0.15,6.98,6.96,-14.44,-0.02
20753,1.1,0.11,7.53,6.46,-14.65,-0.01
20763,0.48,0.06,7.22,6.81,-14.86,0.01
20772,0.48,0.07,7.16,6.9,-14.44,0
20781,0.48,0.09,7.13,6.79,-14.65,-0.01
20791,0.57,0.07,7.43,6.52,-14.44,-0.01
20803,0.48,0.01,7.22,6.7,-14.65,0.02
20811,0.57,0.06,6.86,7.32,-14.23,0
20821,0.84,0.05,7.38,6.51,-14.65,0.01
20831,0.48,0.07,6.65,7.14,-14.23,-0.01
20841,0.57,0.05,7.25,6.84,-14.65,0.02
20850,0.66,0.07,7.02,7.05,-14.86,0.01
20860,0.4,0.11,7.29,6.65,-14.23,-0.02
20870,0.48,0.06,7.38,6.7,-15.07,0.01
20879,0.57,0.07,6.96,7.04,-14.65,0
20889,0.66,0.07,6.66,7.22,-14.86,0.01
20899,0.66,0.07,7.06,6.93,-14.86,0.02
20908,0.4,0.16,6.72,7.19,-14.65,-0.02
20917,0.66,0.12,7.5,6.56,-14.86,-0.01
20927,0.66,0.11,7.23,6.81,-15.28,-0.01
20936,0.48,0.05,7.01,6.96,-15.7,0.03
20945,0.66,0.09,6.59,7.33,-14.86,0.01
20955,0.57,0.16,6.75,7.2,-15.28,-0.01
20964,0.75,0.14,7.47,6.45,-15.07,-0.01
20972,0.92,0.11,7.43,6.54,-15.7,-0.01
20981,0.66,0.05,7.2,6.67,-15.07,0.01
20991,0.66,0.08,7.09,6.88,-15.28,-0.01
21001,0.66,0.07,7.2,6.76,-15.28,0
21010,0.66,0.03,7.35,6.44,-15.28,0.01
21018,1.1,0.07,6.78,7.06,-15.28,-0.01
21028,0.66,0.06,7.29,6.75,-15.7,0.01
21038,0.57,0.07,6.76,7.25,-15.07,0
21046,0.48,0.1,7.02,6.94,-15.07,0
21055,0.66,0.08,7.33,6.81,-15.49,0.01
21065,0.66,0.09,6.43,7.44,-15.49,0.01
21074,0.66,0.14,7.06,6.71,-15.91,0
21083,0.66,0.15,7.36,6.74,-15.28,-0.02
21092,0.66,0.12,7.09,6.79,-16.12,-0.01
21101,0.75,0.08,7.16,6.84,-15.7,0.01
21110,0.66,0.09,7.1,6.9,-16.33,0.01
21119,0.75,0.12,7.45,6.64,-15.91,-0.02
21129,0.75,0.09,7.45,6.6,-15.91,-0.02
21140,0.75,0.01,7.31,6.76,-15.91,0.01
21148,0.66,0.02,7.13,6.76,-15.7,0.01
21157,0.66,0.04,6.87,7.01,-15.91,0.01
21167,0.75,0.11,7.22,6.89,-15.7,-0.02
21176,0.75,0.05,7.34,6.66,-15.7,0
21184,0.75,0.03,7.33,6.78,-15.7,0.01
21193,0.75,0.04,6.71,7.23,-16.12,0.02
21202,0.75,0.09,6.94,7.06,-15.91,0
21211,0.66,0.16,7.09,7.03,-15.7,-0.03
21219,0.66,0.1,7.77,6.09,-16.12,-0.01
21229,0.75,0,6.9,7,-15.91,0.02
21239,0.66,0.05,6.85,7.28,-15.91,0.02
21249,0.75,0.14,6.82,6.98,-15.49,-0.02
21258,0.84,0.12,7.57,6.67,-15.91,-0.01
21270,0.84,0.06,7.24,6.87,-16.12,0.01
21279,0.84,0.07,7.15,6.89,-16.12,0
21289,1.01,0.1,7.19,6.86,-16.12,-0.01
21300,0.84,0.06,7.6,6.27,-16.54,0
21309,0.75,0.04,7.47,6.57,-16.33,0
21317,0.75,0.04,7.1,6.68,-16.33,-0.01
21326,0.75,0.01,6.98,7.11,-16.33,0.01
21336,0.57,0.06,7.16,6.71,-15.49,-0.02
21345,0.4,0.02,7.3,6.68,-16.33,0.01
21354,0.75,0.06,7.27,6.83,-16.54,0
21364,0.84,0.07,7.42,6.6,-16.54,-0.01
21374,0.48,0.02,7.36,6.58,-15.28,-0.02
21384,0.66,-0.05,7.49,6.56,-16.54,0.03
21393,0.66,0.03,6.65,7.3,-16.12,0
21403,0.75,0.09,6.86,6.84,-16.12,-0.02
21412,0.75,0.07,7.67,6.23,-16.33,-0.01
21422,0.75,0.02,7.3,6.52,-16.12,-0.01
21431,0.75,0,6.8,7.01,-16.12,0.01
21440,0.48,0.05,6.85,7.19,-16.33,0.01
21449,0.57,0.07,6.95,6.9,-15.91,0
21458,0.66,0.08,6.7,7.23,-15.91,0
21467,0.75,0.1,7.23,6.62,-16.54,0
21476,0.84,0.13,7.02,6.58,-16.75,-0.01
21487,0.84,0.11,7.42,6.83,-16.33,-0.02
21496,0.75,0.03,7.32,6.61,-16.54,0.02
21505,0.75,0.04,6.95,6.94,-16.12,0.01
21514,1.1,0.09,6.97,6.94,-16.33,-0.01
21522,0.84,0.07,7.28,6.8,-16.12,0
21531,0.84,0.1,7.03,6.78,-16.75,-0.01
21540,0.75,0.07,7.52,6.62,-16.75,0
21548,0.75,0.09,6.79,7.07,-16.33,-0.01
21557,0.75,0.07,7.27,6.89,-16.75,0.01
21566,0.84,0.1,6.77,7.32,-16.33,-0.01
21576,0.75,0.09,7.3,6.69,-16.33,0
21584,0.66,0.05,7.14,6.71,-16.54,0.02
21593,0.75,0.08,6.78,7.06,-16.54,0.01
21602,0.84,0.14,6.92,6.77,-16.75,-0.01
21612,0.75,0.12,7.5,6.49,-16.75,-0.02
21622,0.92,0.05,7.16,6.98,-17.58,0.02
21630,0.48,0.1,6.7,7.18,-16.54,-0.01
21640,1.01,0.11,7.33,6.74,-16.75,-0.01
21650,0.92,0.07,7.38,6.74,-16.75,0
21659,0.92,0.1,7.16,6.67,-16.33,-0.02
21668,0.92,0.03,7.73,6.35,-15.91,-0.01
21679,0.92,0.01,7.43,6.5,-16.54,0
21688,0.84,-0.02,7.21,7.03,-16.75,0.02
21697,0.84,0.02,6.74,7.1,-16.54,0.01
21707,1.1,0.14,7.48,6.78,-16.75,-0.04
21717,0.84,0.02,7.72,6.35,-16.54,0
21725,1.19,0.01,7.29,6.68,-17.17,0.01
21735,0.84,0.05,6.48,7.3,-17.17,0
21745,0.84,0.1,7.03,6.68,-16.96,-0.01
21755,0.92,0.09,7.52,6.44,-16.75,-0.02
21764,0.75,0.03,7.54,6.44,-16.75,0
21774,1.01,-0.02,6.85,7.15,-17.17,0.03
21784,0.92,0.09,6.71,7.08,-16.54,-0.01
21793,0.92,0.08,7.93,6.3,-16.33,-0.02
21802,0.92,0.03,7.39,6.48,-16.75,0
21812,0.84,-0.02,7.4,6.66,-16.75,0.02
21822,0.84,0.04,6.98,7.01,-16.54,-0.01
21831,0.75,0.04,7.14,6.93,-16.12,-0.01
21841,0.75,0.01,7.2,6.71,-16.33,0.01
21851,1.45,0.07,6.89,7.01,-16.75,-0.01
21860,0.92,0.06,7.47,6.65,-17.17,0.01
21869,0.04,0.09,7.28,6.62,-16.75,-0.02
21879,0.84,0.03,7.34,6.73,-16.33,-0.01
21889,0.75,0,7.11,7.02,-16.75,0.02
21899,0.75,0.11,6.18,7.41,-16.75,-0.01
21909,0.75,0.08,7.47,6.67,-16.54,0
21918,0.92,0.1,7.27,6.75,-17.17,-0.01
21928,0.92,0.09,7.87,6.21,-16.96,-0.02
21937,0.84,0.02,7.7,6.44,-17.17,0
21947,0.75,0.01,6.7,7.01,-17.17,0.01
21957,0.84,0.04,6.76,7.18,-16.33,0
21965,0.92,0.03,7.36,6.49,-16.96,0.02
21975,0.57,0.12,6.86,7.13,-16.96,-0.02
21985,0.84,0.07,7.5,6.57,-17.17,0
21994,0.84,0.05,7.15,6.87,-16.96,0
22003,0.92,0.08,6.79,6.96,-16.75,-0.01
22013,0.84,0.04,6.87,7.01,-16.96,0.02
22023,1.63,0.13,6.64,7.19,-16.75,-0.02
22032,0.84,0.1,7.11,6.86,-16.54,0
22041,0.92,0.1,7.3,6.96,-16.96,0.01
22050,0.92,0.13,7.51,6.42,-16.96,-0.02
22059,1.1,0.09,7.59,6.34,-17.17,-0.02
22068,1.01,0.07,7.09,6.8,-16.96,-0.02
22077,0.92,0,7.39,6.8,-17.17,0.02
22087,0.92,0.07,6.15,7.29,-16.75,0
22096,0.92,0.1,7.62,6.61,-16.96,-0.01
22105,0.92,0.07,6.81,7.05,-17.37,0.01
22114,0.75,0.09,7.33,6.73,-16.96,-0.01
22122,1.01,0.07,6.99,6.76,-17.17,0.01
22131,0.92,0.13,7.01,6.95,-17.17,-0.02
22140,0.92,0.05,7.88,6.33,-16.96,0
22150,0.92,0.06,7.5,6.53,-16.96,-0.02
22160,0.92,0.04,7.22,6.67,-16.96,-0.01
22168,1.36,-0.03,7.35,6.56,-16.75,0.02
22177,0.92,0,6.79,6.93,-16.96,0.01
22187,0.92,0.05,6.82,7,-17.17,0.01
22196,1.1,0.11,6.68,7.28,-16.96,-0.01
22206,1.01,0.11,6.88,6.85,-16.75,-0.01
22215,0.4,0.06,6.98,6.86,-17.37,0.03
22223,1.01,0.16,7.13,6.9,-17.17,-0.02
22232,1.01,0.12,7.28,6.69,-17.37,-0.01
22240,1.28,0.11,7.41,6.75,-17.17,-0.01
22249,1.01,0.06,6.73,7.11,-17.17,0.01
22259,0.92,0.1,6.75,6.97,-17.37,0.01
22269,0.92,0.18,7.19,6.74,-17.79,-0.03
22278,1.01,0.1,7.49,6.56,-17.58,-0.01
22286,1.1,0.09,7.58,6.83,-17.37,-0.02
22297,1.01,0.01,7.25,6.85,-17.37,0.02
22306,1.01,0.08,6.85,7.16,-17.17,-0.01
22315,1.1,0.07,7.11,6.83,-16.75,0
22324,1.1,0.07,7.79,6.34,-17.17,0
22334,1.01,0.06,7.05,7.06,-17.37,-0.01
22344,0.92,0.02,7.13,6.7,-17.37,0.02
22354,1.1,0.09,6.82,7.05,-17.79,0
22364,0.92,0.12,7.35,6.76,-17.17,-0.03
22374,1.01,0.03,7.61,6.43,-17.37,0.01
22383,1.1,0.06,7.26,6.71,-16.96,-0.02
22392,1.01,-0.01,7.55,6.43,-16.75,0
22402,1.1,0.02,6.75,7.42,-16.75,0
22411,1.01,0.02,7.7,6.21,-17.17,0.01
22420,1.01,0.03,7.31,6.71,-16.96,-0.01
22430,0.92,0.04,7.09,6.85,-17.37,0
22439,1.01,0.01,7.3,6.7,-17.17,0.01
22448,1.01,0.06,6.57,7.1,-17.17,0
22458,1.01,0.04,7.42,6.5,-17.17,0.01
22468,1.1,0.07,6.73,6.87,-16.54,-0.02
22478,1.01,0.06,7.43,6.66,-17.17,0
22486,1.1,0.02,6.97,6.89,-17.17,0.02
22496,1.01,0.11,6.74,7.17,-18.21,0
22505,1.01,0.14,7.32,6.64,-17.37,-0.03
22514,1.1,0.1,7.85,6.31,-17.37,-0.02
22523,1.1,0.02,7.66,6.37,-16.96,-0.01
22533,1.1,-0.02,7.34,6.82,-16.96,0.01
22543,0.75,0.03,6.46,7.19,-17.17,0
22552,1.1,0.09,6.91,7.07,-16.96,-0.01
22562,1.01,0.04,7.56,6.36,-17.17,0.01
22572,1.1,0.09,6.59,7.02,-16.96,-0.02
22581,1.1,0.04,7.46,6.62,-16.33,0
22590,1.01,0.04,7.05,7.04,-17.17,0.01
22599,1.72,0.07,6.82,7.05,-17.17,0.01
22608,1.01,0.1,7.15,6.74,-17.17,0
22617,1.1,0.12,7.55,6.36,-17.17,-0.03
22626,1.01,0.04,7.98,6.35,-17.17,0
22636,1.28,0.01,7.33,6.63,-17.17,0
22647,1.1,-0.01,7.52,6.54,-16.75,0
22655,1.1,0.01,7.25,6.78,-17.58,0
22665,0.22,0.03,6.6,7.16,-16.75,-0.01
22677,0.84,0.02,7.35,6.57,-16.96,0.01
22685,1.01,0.06,6.62,7.09,-16.75,-0.01
22694,0.92,0.08,7.38,6.54,-16.96,-0.01
22703,0.84,0.08,7.21,6.72,-17.17,-0.01
22713,1.1,0.05,7.59,6.41,-17.17,-0.01
22722,1.36,0.03,7.23,6.92,-16.96,0
22732,0.92,0,7.16,6.75,-16.75,0.01
22742,1.01,0.05,7.06,6.86,-17.37,0
22751,1.01,0.06,6.72,7.01,-17.17,0
22760,0.92,0.09,7.37,6.89,-16.54,-0.02
22770,1.01,0.08,7.69,6.31,-16.54,-0.02
22780,1.01,-0.02,7.82,6.29,-16.75,0.01
22789,1.01,0.01,6.88,7.11,-16.96,0
22798,1.01,0,7.06,6.72,-16.75,0.01
22808,0.92,0.03,6.76,7.16,-16.54,0.01
22816,1.01,0.1,6.8,7.07,-17.17,-0.01
22825,1.19,0.09,7.35,6.55,-16.33,-0.01
22836,1.01,0.09,7.1,6.65,-16.96,-0.01
22844,1.54,0.06,7.1,6.91,-16.75,0
22853,1.1,0.07,6.92,6.94,-17.17,0
22862,1.28,0.08,7.26,6.75,-16.96,0
22871,1.1,0.1,7.15,6.86,-16.75,-0.02
22881,1.1,0.07,7.32,6.63,-16.96,0
22890,1.01,0.04,7.06,6.78,-16.75,0.01
22899,1.1,0.06,7.07,6.76,-16.96,0
22909,1.01,0.09,7.25,6.73,-16.54,-0.02
22919,1.1,0.05,7.52,6.59,-16.75,-0.01
22928,1.01,0.01,7.28,6.73,-16.75,0.01
22938,1.01,0.03,6.82,7.13,-16.96,0.01
22947,0.92,0.06,6.84,6.95,-16.12,0
22957,1.01,0.06,7.46,6.81,-16.54,0.01
22965,1.28,0.1,6.95,6.88,-16.54,-0.02
22976,1.8,0.06,7.44,6.69,-17.37,0.01
22986,1.1,0.1,6.98,6.9,-17.17,-0.01
22995,1.01,0.09,7.09,6.81,-16.96,-0.01
23005,1.01,0.03,7.31,6.87,-16.54,0.01
23016,1.1,0.09,7.3,6.57,-16.75,-0.02
23025,1.01,0.09,7.32,6.62,-16.96,-0.03
23034,0.75,0.01,7.76,6.44,-16.96,0
23044,0.92,0.01,7.04,6.79,-17.37,0.01
23054,1.01,0.06,6.82,7.02,-16.75,-0.02
23063,1.1,0.05,7.68,6.4,-17.37,0
23073,1.1,0.04,7.49,6.62,-16.96,-0.02
23083,1.01,-0.01,7.02,6.76,-16.54,0
23092,1.1,-0.02,7.17,6.66,-16.54,0.02
23101,1.01,0.08,6.68,7.17,-16.33,-0.02
23111,1.01,0.03,7.51,6.61,-16.12,0
23120,1.01,0.02,6.87,6.99,-16.54,0.01
23129,0.92,0.06,7.01,7.07,-16.75,0.01
23137,1.01,0.11,6.83,7.19,-16.54,-0.01
23149,1.01,0.13,7.28,6.82,-15.7,-0.03
23159,1.01,0.02,7.36,6.81,-16.33,0.03
23168,1.01,0.08,6.89,7.26,-16.33,0
23177,0.84,0.13,6.64,7.14,-16.33,-0.01
23188,1.36,0.14,7.29,6.77,-16.54,-0.02
23196,1.1,0.11,7.37,6.62,-16.75,-0.01
23205,1.01,0.08,7.68,6.33,-17.58,0
23216,1.01,0.11,7.02,6.83,-16.75,-0.04
23226,1.01,0.01,7.71,6.54,-16.54,0
23234,1.19,0.01,6.56,7.43,-16.33,0.01
23244,1.8,0.06,7.02,6.92,-16.33,0
23254,1.1,0.09,6.99,6.99,-16.96,0
23263,1.1,0.13,7.1,6.96,-16.75,-0.02
23272,1.01,0.08,7.13,6.85,-16.54,0
23282,1.19,0.06,7.55,6.54,-16.54,0
23292,0.84,0.07,7.14,6.94,-16.33,-0.01
23301,1.28,0.05,7.24,6.76,-16.54,0
23310,1.28,0.08,6.96,6.82,-16.75,-0.01
23320,1.1,0.08,7.25,6.72,-16.33,-0.01
23329,1.1,0.04,7.22,6.8,-16.54,0.01
23337,1.19,0.06,7.31,6.65,-15.49,-0.02
23346,1.1,0.01,7.06,6.75,-16.33,0.02
23357,1.19,0.12,6.36,7.3,-16.54,-0.02
23367,1.19,0.11,7.52,6.39,-16.75,-0.01
23376,1.1,0.06,7.63,6.47,-16.54,-0.01
23387,1.1,0.08,6.93,6.97,-16.54,-0.02
23397,1.01,-0.01,7.46,6.75,-16.33,0.02
23406,0.48,0.05,6.72,7.09,-16.12,0
23415,1.01,0.05,7.02,6.76,-16.33,0.01
23425,1.1,0.07,7.03,6.78,-15.91,-0.01
23434,1.19,0.1,7.43,6.55,-16.54,-0.02
23443,1.1,0.06,7.27,6.7,-16.54,0
23452,1.1,0.06,7.18,6.65,-16.54,-0.01
23462,1.19,0.03,6.89,7.06,-16.54,0.01
23472,1.19,0.05,7.48,6.53,-16.54,0
23480,1.19,0.1,6.81,7.07,-16.54,-0.02
23491,1.19,0.06,7.24,6.96,-16.33,0
23501,1.19,0.08,7.14,6.93,-16.75,0
23509,1.28,0.09,7.16,6.84,-16.54,-0.01
23518,1.19,0.07,6.96,7,-16.33,0
23527,1.28,0.07,7.13,6.9,-16.96,0.02
23536,1.36,0.13,6.76,6.95,-16.75,-0.02
23544,0.92,0.13,7.1,7.01,-16.54,-0.01
23553,1.28,0.12,7.53,6.69,-16.33,-0.02
23562,0.66,0.05,7.19,6.65,-16.33,0
23572,1.19,0.05,7.19,6.76,-16.33,0
23580,1.1,0.11,6.73,7.28,-16.12,-0.02
23590,1.19,0.07,7.36,6.62,-16.33,0
23599,1.19,0.09,7.17,6.8,-16.54,-0.01
23608,0.92,0.07,7.27,6.64,-15.49,-0.02
23619,1.19,0.02,7.43,6.64,-16.33,0.01
23629,1.28,0.09,7.08,6.92,-16.33,-0.03
23639,1.19,0.04,7.8,6.36,-16.54,0
23647,1.19,0,7.24,6.73,-16.12,0
23658,1.19,0.06,6.97,6.88,-16.54,-0.01
23668,1.19,0.02,6.58,7.24,-15.91,0.01
23677,1.19,0.05,7.08,6.9,-15.91,0.01
23685,1.28,0.11,6.3,7.54,-16.12,0
23696,1.36,0.11,7.67,6.6,-17.17,0.02
23705,1.01,0.17,7.25,6.74,-16.33,-0.04
23714,1.28,0.11,7.49,6.59,-15.7,-0.03
23723,0.84,0.01,7.75,6.46,-15.49,0
23733,1.28,0.02,6.76,7.07,-16.12,0.01
23743,1.19,0.07,6.67,7.08,-16.12,0
23752,1.28,0.1,7.33,6.75,-16.12,-0.01
23762,1.28,0.1,7.33,6.8,-15.91,-0.02
23772,1.63,0.06,7.28,6.68,-15.91,-0.01
23781,1.19,0.03,7.06,6.9,-15.7,0
23790,1.8,0.08,6.95,6.87,-16.12,-0.01
23800,1.28,0.09,7.28,6.76,-15.7,-0.02
23810,1.28,0.06,7.6,6.54,-15.7,-0.02
23819,1.19,0.02,7.2,6.64,-15.7,0
23829,1.28,0.02,7.08,6.9,-15.49,0
23839,2.07,0.03,6.89,6.99,-15.49,0
23848,1.28,0.06,6.78,7.02,-15.49,0
23857,1.8,0.1,6.87,7.08,-15.49,-0.01
23867,1.19,0.1,7.45,6.66,-15.7,-0.01
23877,1.28,0.09,7.27,6.65,-15.49,-0.02
23886,1.28,0.07,7.43,6.71,-15.07,-0.02
23897,1.28,0.01,7.04,6.89,-15.49,0.01
23906,1.28,0.05,6.86,7.1,-15.49,0
23916,1.28,0.13,7.15,6.77,-14.86,-0.04
23924,1.28,0.07,7.45,6.64,-15.49,-0.01
23934,1.19,0.06,7.02,6.91,-15.07,-0.01
23944,1.28,0.02,7.21,6.68,-15.28,0.01
23953,1.36,0.08,6.87,6.95,-14.65,-0.02
23962,1.28,0.08,7.21,6.76,-15.07,-0.02
23972,1.28,0.09,6.86,6.85,-15.07,-0.02
23982,1.19,0.02,7.64,6.32,-15.07,0.01
23991,1.28,0.04,6.96,7,-14.86,-0.01
24000,1.36,0.08,7.4,6.57,-14.44,-0.03
24010,1.28,-0.02,7.81,6.34,-14.65,0.01
24019,1.19,0.01,7.25,6.87,-14.23,-0.02
24028,1.19,0.02,7.63,6.39,-14.44,-0.02
24037,1.98,0,7.32,6.79,-14.23,-0.02
24047,0.92,-0.06,7.05,6.73,-14.23,0.02
24056,1.98,0.01,6.67,7,-14.03,-0.01
24064,1.19,0.04,7.33,6.72,-13.82,-0.02
24073,1.19,0.04,7.27,6.66,-14.23,-0.01
24083,1.19,0.02,7.64,6.51,-14.65,0
24093,1.1,0.04,7.35,6.88,-13.82,-0.03
24103,1.1,-0.02,7.51,6.49,-14.03,0
24113,1.1,0,7.07,7,-14.44,0
24122,1.19,0.04,7.25,6.77,-14.44,-0.01
24131,1.19,0.03,7.07,7.09,-14.03,-0.01
24141,1.1,0.03,7.05,6.86,-13.61,-0.01
24151,1.19,0.04,7.28,6.61,-13.61,-0.01
24160,1.19,0.04,7.13,6.81,-13.61,-0.01
24170,1.19,0.03,7.05,6.81,-14.03,0
24180,1.19,0.06,6.81,7,-13.82,-0.01
24190,1.1,0.06,7,6.94,-13.82,0
24199,1.28,0.11,7.19,6.84,-13.4,-0.03
24208,1.28,0.04,7.64,6.35,-13.4,0
24218,1.19,0.03,7.03,6.92,-14.44,0.01
24227,1.19,0.06,6.9,6.99,-13.61,-0.01
24236,1.89,0.04,7.49,6.54,-13.82,0
24246,1.19,0.1,6.96,6.89,-13.82,-0.03
24256,1.72,0.05,7.81,6.27,-13.82,-0.02
24265,1.19,0,7.16,6.82,-13.61,0
24275,1.19,0,7.2,6.77,-13.19,0
24285,1.1,0,7.04,6.88,-12.98,0
24294,1.19,0.02,7.23,6.7,-13.4,0
24304,1.19,0.05,7.12,6.77,-13.19,-0.02
24313,1.19,0.01,7.45,6.58,-13.82,0.01
24323,1.01,0.06,6.96,6.85,-13.61,-0.02
24332,1.19,0.05,7.14,6.73,-13.61,-0.01
24342,1.1,0.03,7.34,6.68,-13.61,0
24351,1.19,0.03,7.27,6.8,-12.77,-0.02
24360,1.1,0,7.34,6.64,-12.98,0
24369,1.1,0.04,6.98,6.86,-12.98,-0.01
24379,1.1,0.02,7.27,6.77,-12.56,0
24389,0.84,0.01,7.15,6.84,-12.77,0
24398,0.4,0.04,7.31,6.72,-12.98,-0.01
24407,1.36,0.04,7.23,6.77,-12.98,-0.01
24417,1.1,0.05,7.33,6.78,-12.56,-0.02
24426,1.01,0.02,7.36,6.61,-12.56,-0.01
24435,0.66,-0.04,7.18,6.78,-13.4,0.03
24445,1.1,0.11,6.31,7.36,-14.03,-0.02
24455,1.1,0.12,6.89,6.79,-12.98,-0.03
24463,1.19,0.06,7.23,6.82,-13.19,0.01
24473,1.8,0.09,7.03,6.79,-13.4,0
24482,1.19,0.07,7.13,6.9,-12.98,0
24492,1.19,0.08,7.56,6.5,-13.4,-0.01
24501,1.19,0.08,7.11,6.93,-12.77,-0.02
24511,1.19,0.01,7.37,6.64,-12.56,0
24520,1.19,0.02,6.8,7.07,-12.56,0
24530,1.19,0.07,7.13,6.84,-12.77,-0.01
24539,1.19,0.06,7.26,6.69,-12.56,-0.01
24549,1.19,0.04,7.4,6.64,-11.72,-0.02
24558,1.19,-0.01,7.4,6.63,-13.19,0.02
24567,1.19,0.05,6.66,7.09,-12.98,0
24577,1.19,0.13,6.93,6.99,-12.98,-0.03
24587,1.19,0.04,7.73,6.3,-12.77,0
24596,0.57,0.04,7.15,6.96,-12.14,-0.02
24604,1.19,0.01,7.05,7.06,-12.56,0.01
24613,1.19,0.05,6.76,7.32,-12.56,0.01
24622,1.19,0.07,7.36,6.5,-12.35,-0.01
24631,1.28,0.09,7.16,6.76,-12.35,-0.02
24641,1.19,0.05,7.53,6.59,-12.35,-0.01
24651,1.19,0.02,6.96,6.99,-12.98,0.01
24660,1.19,0.07,6.77,7.12,-12.35,-0.01
24669,1.19,0.08,7.24,6.63,-12.56,-0.01
24679,1.36,0.08,7.26,6.8,-12.98,-0.01
24689,1.1,0.07,7.22,6.85,-12.77,-0.01
24698,1.19,0.05,7.43,6.67,-12.14,-0.02
24707,1.1,0.04,7.28,6.66,-12.14,-0.01
24717,1.19,0.01,7.1,6.99,-11.51,-0.01
24727,1.19,-0.02,7.13,6.79,-12.35,0.03
24736,1.01,0.07,6.66,7.26,-12.14,-0.01
24744,1.19,0.11,6.76,6.99,-12.35,-0.02
24755,1.28,0.1,7.18,6.9,-12.56,-0.01
24765,1.28,0.1,7.05,6.87,-12.35,-0.02
24773,1.1,0.04,7.3,6.67,-12.14,0.01
24783,1.19,0.09,7.03,6.78,-11.72,-0.02
24794,0.31,0.07,7.67,6.46,-11.93,-0.02
24804,1.1,0,7.42,6.5,-11.72,0
24812,1.28,0,6.86,6.95,-11.72,0
24822,0.84,0.01,7.05,6.96,-12.14,0.01
24831,1.28,0.09,7.04,6.94,-12.14,-0.02
24840,1.28,0.08,7.59,6.61,-11.93,-0.02
24850,1.19,0.03,7.49,6.63,-11.3,-0.02
24861,1.19,-0.01,7.14,6.78,-11.51,0
24870,1.1,-0.01,6.86,6.94,-11.51,0.01
24879,1.1,0.05,6.86,7.04,-11.72,0
24889,1.1,0.08,7.15,6.8,-11.72,-0.02
24899,1.1,0.07,7.4,6.76,-12.14,-0.01
24908,1.19,0.08,7.05,6.85,-11.93,-0.02
24918,1.54,0.04,7.27,6.77,-11.3,-0.01
24928,1.1,0.01,6.88,6.95,-11.3,0.01
24938,1.1,0.06,6.73,7.17,-11.09,-0.01
24947,1.19,0.09,7.17,6.92,-11.51,-0.01
24956,1.36,0.08,7.49,6.63,-10.89,-0.02
24965,1.19,0.07,7.59,6.42,-11.3,-0.03
24974,1.1,0.01,7.3,6.78,-10.68,-0.01
24983,1.19,-0.02,7.32,6.75,-11.72,0.02
24993,1.19,0.04,6.34,7.4,-11.3,0
25003,1.19,0.11,7.3,6.5,-11.51,-0.03
25012,1.1,0.05,7.65,6.52,-11.09,-0.02
25021,1.1,0.04,7.14,6.81,-10.89,-0.02
25030,1.19,0.01,7.3,6.67,-11.51,0
25041,1.19,0.03,7.19,6.71,-11.09,-0.01
25050,1.19,0.06,7.43,6.57,-10.89,-0.03
25059,1.19,-0.02,7.75,6.39,-10.05,-0.02
25069,1.1,-0.05,7.12,6.79,-10.05,0
25078,1.1,-0.04,6.67,7.13,-10.89,0.02
25087,1.01,0.05,6.12,7.5,-10.05,-0.01
25097,1.1,0.1,6.81,7.01,-10.26,-0.01
25107,1.1,0.09,7.04,6.81,-10.05,-0.01
25116,1.1,0.08,6.94,6.98,-10.47,0
25126,1.19,0.14,6.88,6.98,-10.47,-0.02
25136,1.28,0.1,7.32,6.59,-9.84,-0.02
25145,1.19,0.06,7.5,6.62,-10.05,-0.01
25154,1.19,0.06,7.32,6.74,-10.47,-0.01
25164,1.1,0.04,7.17,6.73,-10.26,-0.01
25173,1.19,0.03,7.21,6.78,-10.05,0
25182,1.19,0.05,7.01,6.88,-10.26,-0.01
25191,1.19,0.04,7.16,6.84,-10.26,0
25199,1.19,0.07,7.1,6.89,-10.05,-0.02
25209,1.28,0.06,7.25,6.65,-10.05,-0.02
25218,1.19,0.04,7.33,6.71,-10.05,-0.01
25228,1.19,0.03,7.26,6.76,-9.63,-0.02
25239,1.19,0.02,7.15,6.73,-9,-0.02
25249,1.19,0,7.61,6.48,-9.63,0
25258,1.1,0,7.01,6.95,-9.84,0
25267,1.1,0.01,7.18,6.8,-9.21,-0.01
25277,0.48,0,7.17,6.69,-9.42,0
25286,0.92,0,6.98,6.94,-9.63,0.01
25295,1.1,0.05,6.97,7.01,-9.21,-0.01
25305,1.8,0.03,7.25,6.72,-9.42,0
25315,1.1,0.04,7.17,6.91,-9.42,-0.01
25324,1.1,0.07,7.41,6.61,-9.63,-0.02
25334,1.54,0.02,7.46,6.58,-9.63,-0.01
25345,1.1,0.01,7.13,6.88,-9.21,-0.01
25354,1.1,0.01,7.08,6.76,-9,-0.01
25365,0.92,0.23,6.39,7.3,-8.79,-0.12
25374,1.01,0.29,7.61,6.41,-7.95,-0.17
25383,1.36,0.27,7.65,6.31,-6.07,-0.23
25392,1.01,0.15,8.32,5.94,-5.65,-0.21
25402,1.28,0.14,7.22,6.75,-6.49,-0.22
25412,1.36,0.18,6.24,7.41,-6.7,-0.23
25421,1.36,0.16,7.69,6.38,-5.86,-0.24
25430,1.1,0.08,7.62,6.46,-6.07,-0.21
25440,0.92,-0.04,7.82,6.37,-6.28,-0.16
25450,1.19,0.05,6.75,7.22,-0.21,-0.25
25460,1.19,-0.12,8.03,6.12,1.67,-0.23
25470,0.92,-0.28,7.41,6.63,8.37,-0.24
25479,1.36,-0.34,7.65,6.37,11.09,-0.22
25488,1.01,-0.51,7.18,6.85,13.82,-0.14
25497,1.01,-0.46,6.8,7.12,14.03,-0.11
25507,0.92,-0.43,7.32,6.69,15.7,-0.1
25517,0.84,-0.46,6.96,6.81,16.96,-0.06
25525,0.66,-0.46,6.73,7.08,18,-0.02
25535,0.66,-0.4,6.94,7.02,17.79,0
25545,0.57,-0.16,6.54,7.52,18,-0.07
25554,0.57,-0.17,7.47,6.37,18.63,-0.06
25563,0.48,-0.24,7.14,6.77,18.84,-0.02
25571,0.48,-0.19,6.85,7.01,18.21,-0.01
25581,0.4,-0.08,6.71,7.14,19.05,-0.06
25590,0.31,-0.06,7.63,6.63,19.05,-0.06
25599,0.4,-0.24,7.94,6.23,19.26,0.01
25608,0.31,-0.27,6.15,7.46,20.1,0.04
25618,0.4,-0.11,5.79,7.52,19.89,0.02
25627,0.04,-0.01,6.86,7.03,19.89,-0.01
25637,0.31,0.03,6.84,6.75,19.47,-0.03
25646,0.31,-0.04,7.7,6.49,19.47,0
25657,0.31,-0.07,7.07,6.77,19.26,0.01
25666,0.04,-0.05,6.92,6.88,19.47,0
25676,0.31,-0.02,7.48,6.64,19.89,-0.03
25686,0.92,-0.08,7.65,6.47,19.47,-0.01
25695,0.22,-0.12,7.47,6.84,20.72,-0.01
25704,0.13,-0.16,7.04,6.91,19.47,0.03
25714,0.13,-0.03,6.11,7.73,19.89,-0.01
25724,0.13,-0.05,7.56,6.36,18.84,0.02
25733,0.13,-0.01,6.71,7.18,18.63,0
25742,0.13,0.03,7.15,6.65,19.26,-0.03
25752,0.57,-0.09,7.67,6.58,19.05,0.02
25762,0.22,-0.02,6.59,7.44,19.47,-0.02
25771,0.22,-0.06,7.01,6.82,19.47,0.01
25781,-0.13,0,7.3,6.84,19.26,-0.02
25791,0.13,-0.01,7.83,6.39,19.26,-0.03
25799,0.13,-0.09,8.24,5.96,18.84,-0.01
25808,0.04,-0.1,6.86,7.2,19.05,-0.01
25819,-0.04,-0.14,7.51,6.68,19.47,0.01
25830,-0.04,-0.11,7.06,6.87,18.84,0
25838,0.04,-0.05,6.86,7,19.47,-0.02
25848,0.04,-0.1,7.96,6.21,19.47,-0.01
25858,-0.04,-0.12,6.64,7.15,19.68,0
25867,-0.04,-0.12,7.04,6.91,19.26,0.02
25876,-0.13,-0.06,6.85,7.32,19.26,0
25886,-0.04,0.01,7.41,6.51,18.63,-0.02
25896,-0.04,-0.02,7.39,6.61,19.26,-0.03
25904,-0.13,-0.11,7.39,6.64,18.84,0.01
25913,-0.13,-0.11,6.8,6.77,18.42,0.02
25923,-0.04,-0.01,6.78,7.13,18.84,-0.02
25932,0.22,-0.02,7.73,6.34,18.42,-0.02
25941,-0.13,-0.07,7.07,6.76,18.42,0
25951,0.13,-0.11,7.29,6.8,19.26,0
25961,-0.13,-0.08,7.04,7.14,18.42,0.01
25970,-0.13,-0.02,6.97,7.08,18.21,-0.01
25979,-0.13,-0.01,6.75,7.16,18.63,-0.01
25990,-0.22,-0.04,7.27,6.73,18.21,0.01
26000,-0.22,-0.02,7.02,6.86,18.63,-0.01
26009,-0.4,-0.02,7.46,6.62,18.63,-0.02
26018,-0.31,-0.07,6.84,7.07,17.79,0.02
26028,-0.31,0.01,6.36,7.46,18.42,-0.02
26037,-0.4,0.01,6.9,6.74,18.21,0
26046,-0.31,-0.01,7.92,6.55,17.79,0
26054,-0.31,0,6.9,7.14,18.42,-0.02
26064,-0.22,-0.04,7.63,6.67,18.21,0
26073,-0.31,-0.04,6.74,7.12,18.42,0
26082,-0.22,-0.06,7.07,7,18.42,0.02
26092,-0.31,-0.02,6.76,7.23,17.37,0.02
26101,-0.22,0.08,6.8,7.18,17.58,-0.03
26110,-0.31,0.01,7.5,6.55,18.21,-0.01
26120,-0.31,-0.02,6.45,7.18,17.79,0.01
26129,-0.31,0,6.86,7.14,17.58,0.01
26138,-0.31,0.03,6.58,7.36,17.58,0.01
26146,-1.1,0.1,6.61,7.22,17.17,-0.01
26156,-0.22,0.08,7.5,6.83,17.58,-0.02
26166,-0.22,0.03,7.07,6.83,17.58,-0.01
26175,-0.31,0,7.13,7.02,17.17,0.01
26184,-0.4,0.03,6.99,7.13,17.58,-0.01
26194,-0.22,0.02,7.2,6.64,17.58,-0.01
26204,-0.22,-0.02,7.78,6.38,17.79,-0.01
26213,-0.22,-0.04,7.36,6.77,17.17,-0.01
26222,-0.31,-0.09,7.26,6.87,16.96,0.02
26231,-0.31,-0.06,6.62,7.52,17.58,0.01
26240,-0.31,0,7.47,6.75,17.17,-0.01
26249,-0.31,-0.01,6.99,6.81,16.75,-0.01
26258,-0.22,-0.01,7.39,6.84,17.17,-0.02
26268,-0.4,-0.07,7.32,6.85,16.96,0.01
26277,-0.4,-0.03,6.85,7.05,17.37,-0.01
26287,-0.4,-0.01,6.92,6.89,16.96,-0.01
26297,-0.4,-0.08,7.06,6.83,16.75,0.03
26306,-0.4,0.03,5.91,7.72,16.96,-0.01
26316,-0.4,0.04,6.6,7.07,16.54,0.02
26326,-0.66,0.07,6.75,7.29,16.75,0
26335,-0.4,0.13,6.88,7.2,16.54,-0.03
26343,-0.31,0.03,7.84,6.33,17.37,0
26352,-0.4,0,7.17,6.99,16.12,0.02
26361,-0.22,0,6.85,7.1,16.54,0.01
26371,0.04,0.06,6.94,7.04,16.12,-0.01
26380,-0.4,0.05,7.29,6.73,16.33,-0.02
26391,-0.48,0,7.01,6.95,15.7,0.01
26401,-0.84,-0.01,5.94,7.64,15.7,0.03
26410,-0.84,0.09,6.46,7.49,16.12,0
26419,-0.4,0.13,7.07,6.87,15.28,-0.01
26429,-0.31,0.1,7.1,7.03,15.7,-0.02
26438,-0.4,0.07,7.24,6.77,15.7,-0.01
26447,-0.31,0,7.08,7,15.7,0.02
26457,-0.31,0.01,6.78,7.03,14.86,0.02
26467,-0.4,0.1,6.57,7.36,15.49,-0.03
26476,-0.4,0.05,7.85,6.27,15.49,-0.02
26485,-0.31,0.01,7.32,6.92,15.28,-0.01
26495,-0.4,-0.06,6.77,7.15,15.07,0.03
26505,-0.48,0,6.72,7.19,15.07,0.02
26514,-0.4,0.07,6.59,7.28,15.28,-0.01
26523,-0.48,0.06,7.67,6.41,14.86,-0.01
26531,-0.4,0.05,7.31,6.77,14.86,-0.02
26541,-0.4,-0.06,7.28,6.76,15.07,0.02
26549,0.31,-0.01,6.26,7.49,15.07,0.01
26559,-0.4,0.04,7.14,6.88,14.65,0
26568,-0.4,0.03,7.24,6.82,14.86,0
26578,-0.84,0.01,6.79,7.07,14.44,0.01
26587,-0.48,0.02,6.9,7.01,14.65,0
26597,-0.4,0.06,7.06,6.9,14.44,-0.02
26606,-0.48,0.04,7.13,6.82,14.44,-0.01
26615,-0.48,-0.01,7.12,6.95,14.23,0.01
26624,-0.48,0,6.56,7.3,14.03,0.02
26633,-0.48,0.05,6.88,7.09,13.82,0
26642,-0.84,0.06,7.25,6.86,14.03,-0.01
26651,-0.48,0.06,7.34,6.68,14.23,-0.02
26660,-0.48,-0.03,7.43,6.54,14.23,0.01
26670,-0.48,-0.04,6.89,6.96,13.82,0.01
26680,-0.48,0.01,6.78,7.19,13.19,0.01
26689,-0.4,0.03,7,6.9,13.61,-0.01
26699,-0.48,0,7.15,6.92,13.61,0.01
26709,-0.57,0.01,6.68,7.13,14.03,0
26718,0.22,-0.02,7.04,6.86,12.77,0.04
26727,-0.48,0.06,6.21,7.59,12.98,0.01
26737,-0.48,0.1,7.02,6.93,13.61,-0.02
26747,-0.4,0.06,7.54,6.65,12.77,0
26756,-0.4,0.05,7.13,6.94,12.77,-0.01
26764,-0.48,-0.01,7.25,6.82,12.77,0.02
26774,-0.4,0.04,6.7,7.33,13.61,-0.02
26783,-0.48,-0.01,7.63,6.46,13.19,0.01
26792,-0.48,-0.02,6.82,7.18,13.4,0.01
26802,-0.48,0.03,6.8,7.2,12.98,0
26812,-0.4,-0.01,7.04,6.93,13.19,0.02
26821,-0.57,0.05,6.93,7.08,11.72,0.01
26831,-0.57,0.09,7.26,6.78,11.93,-0.02
26841,-1.28,0.01,7.3,6.61,12.14,0
26850,-0.57,-0.02,7.11,6.91,11.93,0.01
26859,-0.57,-0.01,6.79,7.11,12.14,0.01
26869,-0.48,0.03,6.84,7.09,12.14,0
26878,-0.75,0.04,6.85,7.12,12.98,-0.01
26887,0.04,0,7.13,6.97,11.72,0.03
26896,-0.48,0.05,6.77,7.27,11.09,0.01
26904,-0.66,0.16,5.79,7.75,14.23,-0.07
26914,-0.48,0.04,9.84,4.71,11.51,-0.01
26924,-0.31,-0.04,7.7,6.31,10.89,-0.01
26933,-0.57,-0.17,7.69,6.4,10.68,0.04
26943,-0.66,-0.09,6.26,7.3,11.09,0.01
26954,-0.66,-0.01,6.83,7.12,10.89,-0.01
26962,-0.66,-0.04,7.29,6.66,10.89,0.01
26972,-0.84,0,6.93,7.2,11.09,-0.01
26983,-0.66,-0.04,7.27,6.81,11.09,0.01
26991,-0.04,0.05,6.33,7.5,10.26,-0.01
27000,-0.57,0.41,5.61,7.91,10.89,-0.18
27010,-0.31,1.08,3.56,8.99,12.77,-0.25
27020,-0.57,1.31,7.15,6.75,12.77,-0.25
27029,-0.48,1.07,8.17,6.08,14.44,-0.25
27038,-0.31,1.02,6.07,7.68,18.63,-0.25
27049,0.04,0.84,7.81,6.33,20.72,-0.25
27058,0.22,0.73,7.91,6.3,20.72,-0.25
27067,-0.4,0.59,7.2,6.53,24.28,-0.25
27077,0.48,0.5,7.21,6.83,25.33,-0.25
27086,-1.1,0.47,8.67,5.74,29.31,-0.25
27095,0.4,0.37,7.27,6.06,31.61,-0.25
27105,0.4,0.01,7.7,6.19,32.66,-0.25
27114,-0.48,-0.29,5.83,7.84,34.54,-0.25
27124,0.22,-0.7,9.18,5.12,39.35,-0.25
27134,-0.04,-1.23,9.25,5.51,40.19,-0.25
27144,-0.22,-1.78,8.81,5.9,42.08,0.02
27154,-1.19,-1.54,3.88,9.36,42.91,0.1
27162,-0.66,-1.21,4.75,8.12,43.75,0.12
27171,-0.66,-0.79,5.27,8.81,42.29,0.08
27181,-0.66,-0.37,5.89,7.61,41.24,0
27190,-0.66,-0.3,7.44,6.99,40.82,0.01
27199,-0.84,-0.3,7.04,6.86,40.61,0.03
27208,-1.36,-0.24,6.58,6.83,40.4,0.02
27218,-0.84,-0.2,6.75,7.31,39.77,0.04
27227,-0.92,-0.1,6.43,7.62,39.77,0.01
27236,-0.92,-0.09,7.29,6.62,39.35,0.01
27246,-0.92,-0.03,6.37,7.41,39.15,-0.01
27256,-0.92,-0.05,7.27,6.92,39.56,0
27264,-0.75,-0.07,7.13,6.98,37.89,0.03
27273,-1.19,-0.04,6.41,7.11,38.73,0
27283,-0.92,-0.03,7.05,6.9,38.31,0.01
27293,-0.92,-0.06,7.12,6.85,38.52,0.01
27301,-1.01,-0.05,6.45,7.15,38.52,0.01
27310,-1.01,-0.05,6.82,7.13,38.31,0.02
27320,-1.01,-0.01,6.73,6.99,38.52,-0.01
27330,-0.92,-0.02,7.03,6.69,37.89,0.01
27338,-1.01,-0.02,7.26,6.99,37.47,0
27348,-1.1,-0.06,6.7,6.93,37.47,0.02
27359,-1.19,-0.05,6.66,7.46,37.47,0.02
27367,-1.1,0.01,6.79,7.17,37.68,0
27377,-1.1,-0.05,6.47,7.25,37.68,0.03
27387,-0.66,0.03,6.53,7.49,37.05,0.01
27395,-1.1,0.03,6.3,7.15,36.84,0.02
27404,-1.19,0.08,7.1,7.1,36.63,0
27414,-1.1,0.08,7.59,6.14,36.21,-0.03
27424,-1.19,-0.05,7.83,6.6,36.63,-0.01
27433,-1.19,-0.14,7.48,6.94,35.59,0.04
27442,-1.19,-0.11,7.07,7.05,36.21,0.02
27452,-1.19,-0.08,7.59,7.28,35.8,0.01
27462,-1.19,-0.1,6.84,7.28,36.01,0.02
27470,-1.01,-0.07,7.46,6.48,35.17,0.02
27479,-1.28,-0.05,6.88,7.25,35.17,0
27489,-1.19,-0.06,6.27,7.72,35.59,0.02
27500,-1.28,-0.02,6.17,7.3,34.96,0.03
27508,-1.19,0.04,5.9,7.76,34.96,0.02
27518,-0.92,0.08,7.12,6.94,34.54,0.01
27526,-1.45,0.08,7.13,6.96,33.7,0
27535,-1.19,0.06,7.15,6.96,33.49,0
27543,-1.19,0.01,7.34,6.75,33.91,0.01
27552,-1.28,-0.01,7.91,6.71,34.75,-0.01
27561,-1.28,-0.07,7.39,7.1,33.7,0.02
27569,-1.28,-0.08,6.3,7.48,33.91,0.03
27578,-1.98,-0.03,6.24,7.76,34.12,0.03
27587,-1.28,0.08,6.12,7.29,33.07,0
27598,-1.36,0.1,6.9,7.06,32.66,0
27606,-1.28,0.11,6.53,7.6,32.66,-0.01
27615,-1.36,0.03,7.41,6.71,32.87,0.02
27623,-1.28,0.04,7.19,6.67,32.24,0.01
27633,-1.28,0.06,7.4,6.63,32.24,-0.03
27641,-0.92,-0.05,8,6.29,32.66,0
27651,-1.36,-0.13,6.62,7.54,32.24,0.04
27661,-1.36,-0.1,6.18,7.68,32.24,0.06
27671,-0.57,0.08,6.34,7.58,31.82,0
27679,-1.36,0.1,6.21,7.71,32.24,-0.01
27689,-1.28,0.02,7.2,6.58,30.98,0.04
27699,-1.54,0.08,6.42,7.55,30.56,0.01
27708,-1.28,0.12,7.11,7.42,30.56,-0.01
27716,-0.92,0.1,6.69,6.92,30.14,0
27726,-1.36,0.04,6.13,7.33,29.93,0.04
27734,-1.19,0.04,5.85,7.73,30.35,0.05
27743,-1.19,0.14,7.19,7.02,30.14,0.01
27751,-1.28,0.17,6.63,7.32,29.73,-0.02
27761,-1.19,0.08,8.22,6,29.31,0
27771,-1.28,0.03,6.42,7.33,29.52,0
27780,-1.19,-0.03,6.67,7.6,29.52,0.04
27789,-1.36,0.35,5.64,8.44,29.1,-0.13
27799,-1.45,-0.13,9.42,5.34,29.93,0.07
27809,-1.19,-0.14,6.6,7.25,28.47,0.08
27817,-1.36,0.08,5.03,8.02,29.52,-0.02
27827,-1.36,0.09,8.1,6.68,28.68,0
27838,-1.36,0.01,7.74,6.5,28.68,0
27846,-1.28,-0.07,7.58,6.48,28.26,0.03
27857,-1.54,-0.02,5.93,7.66,28.05,0.01
27866,-1.54,-0.02,6.74,7.21,27.84,0.03
27875,-1.36,0.02,6.29,7.67,28.26,0.02
27883,-1.36,0.04,6.89,7.09,27.42,0.03
27893,-1.36,0.12,6.46,7.27,27,-0.01
27903,-1.36,0.1,7.5,6.51,26.79,-0.01
27912,-1.36,0.04,6.82,7.3,26.79,0.01
27920,-1.45,0.01,6.78,7.2,26.59,0.03
27930,-1.36,0.06,6.74,7.29,26.59,0.01
27940,-1.36,0.07,7.57,7.06,26.17,0
27949,-1.36,0.05,6.67,6.98,25.96,0
27958,-1.28,-0.08,7.21,7,25.96,0.06
27968,-1.36,0.02,6.49,7.54,26.38,0.01
27978,-1.36,0.06,6.83,6.79,25.54,0.01
27987,-1.36,0.09,7.55,6.79,25.54,-0.02
27996,-0.75,-0.01,8.09,6.36,25.54,0
28007,-1.36,-0.11,6.93,7.16,25.12,0.04
28017,-1.45,-0.06,5.72,7.93,25.12,0.05
28026,-1.45,0.04,6.62,7.09,24.49,0.03
28035,-1.28,0.15,7.46,7.15,24.28,-0.03
28044,-1.36,0.08,7.28,6.8,24.28,-0.02
28053,-1.63,-0.06,8.29,6.14,24.07,0.03
28063,-1.1,-0.05,6.54,7.77,23.65,0.02
28073,-1.36,0.02,6.87,7.6,23.24,0.01
28081,-1.45,0.02,7.37,6.99,23.45,0.01
28091,-1.45,0.04,7.02,6.8,23.24,-0.01
28101,-1.36,-0.05,7.7,6.58,23.03,0.02
28112,-1.36,-0.02,6.49,7.27,22.61,0.01
28120,-1.54,-0.01,6.78,7.2,22.82,0.02
28130,-2.07,-0.03,5.57,8.26,22.82,0.06
28141,-1.89,0.13,6.24,7.7,22.4,0.02
28150,-1.45,0.2,5.88,7.63,22.19,0
28158,-1.45,0.15,7.06,7.05,21.35,0.03
28167,-1.28,0.18,6.52,7.55,21.35,0.01
28177,-1.36,0.17,7.03,7.06,20.72,0.01
28186,-1.01,0.16,7.12,6.91,21.14,-0.01
28195,-1.36,0.11,7.46,6.76,20.72,0
28203,-1.89,0.05,7.01,7.09,21.14,0.01
28213,-1.36,0.05,7.1,7.05,20.93,0.01
28222,-1.36,0.02,6.96,6.9,19.89,0.03
28232,-2.16,0.06,6.51,7.46,20.1,0.01
28242,-1.36,0.09,7.08,6.91,19.47,0.01
28250,-1.36,0.06,7.19,6.97,20.1,0
28259,-1.36,0.04,6.68,7.13,19.89,0.01
28269,-1.28,-0.01,6.73,7.23,19.47,0.05
28279,-1.28,0.12,6.52,7.24,19.47,-0.01
28288,-1.36,0.08,7.65,6.44,18.63,0.01
28297,-1.28,0.05,7.31,6.97,18.63,0
28307,-1.89,-0.03,7.12,6.9,19.05,0.03
28316,-1.36,0,6.62,7.19,18.21,0.03
28326,-1.28,0.04,6.39,7.47,18,0.03
28336,-1.28,0.11,6.42,7.43,17.79,0
28345,-1.36,0.11,7.52,6.61,17.17,0.01
28354,-0.92,0.07,7.21,6.91,17.37,0
28363,-1.19,0.04,6.94,6.87,17.17,0.01
28373,-1.45,0.03,6.84,7.19,16.96,0.02
28382,-1.1,0.05,6.97,6.97,16.54,0.01
28391,-1.36,0.05,7.14,7.04,16.12,0.01
28402,-1.36,0.06,6.93,7.03,16.75,-0.01
28413,-1.28,0,7.1,6.91,16.33,0.02
28422,-1.36,-0.01,6.49,7.48,16.12,0.04
28433,-1.28,0.07,6.59,7.23,15.7,0.02
28444,-1.28,0.14,6.9,7.31,15.49,-0.01
28454,-1.28,0.1,7.69,6.52,15.49,-0.01
28463,-1.01,0,7.4,6.75,15.07,0.02
28474,-1.28,-0.03,6.86,7.19,15.07,0.04
28485,-0.66,0.05,6.66,7.12,14.86,0.01
28494,-1.36,0.09,7.18,6.86,14.03,0
28504,-1.36,0.02,6.88,7.11,14.44,0.02
28515,-1.36,0.01,7.19,6.96,14.03,0.02
28524,-1.36,0.02,6.94,7.06,13.82,0.03
28533,-1.36,0.06,6.75,7.21,13.61,0.01
28542,-1.63,0.09,6.56,7.38,13.82,0
28551,-1.45,0.07,6.9,7.06,13.19,0.02
28559,-1.1,0.08,6.77,7.01,12.77,0.02
28568,-1.36,0.1,6.61,7.3,12.77,0.01
28577,-1.28,0.11,6.95,6.95,12.35,0.01
28586,-1.28,0.1,6.78,7.19,12.77,0.01
28594,-1.36,0.09,6.97,6.94,12.14,0.02
28602,-1.36,0.09,6.87,6.99,11.72,0.02
28612,-1.19,0.09,7.04,6.97,11.51,0.01
28622,-1.28,0.12,6.92,7.12,11.93,-0.01
28630,-1.36,0.06,7.21,6.87,11.3,0.02
28640,-1.19,0.05,6.73,7.24,11.51,0.02
28650,-1.28,0.09,6.79,7.08,11.3,0.01
28659,-1.28,0.08,7.15,6.95,10.68,0.02
28667,-1.36,0.08,6.89,7.12,10.89,0.01
28676,-1.1,0.04,7.02,6.8,10.47,0.03
28686,-1.28,0.09,6.68,7.19,9.84,0.01
28694,-1.28,0.09,6.87,7.03,10.47,0
28704,-1.28,0.08,7.13,6.94,9.84,0.02
28714,-1.28,0.05,6.94,7.06,8.79,0.04
28723,-1.28,0.1,6.36,7.48,9.42,0.01
28732,-1.19,0.11,7.04,6.94,9.21,0.01
28743,-1.36,0.09,6.82,7.22,9,0.02
28753,-1.28,0.08,6.86,7.1,8.79,0.02
28764,-1.28,0.09,6.82,7.1,8.16,0.02
28774,-1.28,0.14,6.8,7.06,8.37,-0.01
28785,-1.45,0.08,7.19,6.88,7.95,0.02
28794,-1.28,0.06,6.86,7.24,7.95,0.03
28804,-0.92,0.1,6.35,7.35,7.75,0.02
28814,-1.1,0.11,6.79,7.12,7.75,0.02
28826,-1.19,0.16,6.74,7.12,7.33,-0.01
28835,-1.19,0.12,7.41,6.66,6.91,0
28844,-1.54,0.05,6.96,7.01,6.49,0.04
28855,-1.19,0.11,6.74,7.21,6.49,0.01
28864,-1.28,0.12,6.95,7,6.7,-0.01
28875,-1.28,0.03,7.41,6.68,6.07,0.03
28884,-1.19,0.06,6.77,7.26,5.86,0.02
28893,-1.28,0.1,6.96,7.03,5.44,0.01
28902,-1.19,0.11,7.05,6.98,5.44,0
28912,-1.19,0.06,7.18,6.92,5.44,0.01
28922,-1.19,0.01,6.89,7.05,4.81,0.04
28932,-1.1,0.09,6.14,7.63,5.23,0.02
28943,-1.19,0.14,6.23,7.43,4.81,0.02
28952,-0.75,0.12,7.42,6.63,4.4,0.03
28961,-1.1,0.18,6.56,7.37,4.19,-0.01
28970,-1.1,0.11,7.08,6.95,4.19,0.03
28980,-1.01,0.12,6.01,7.78,3.56,0.03
28991,-1.1,0.23,6.35,7.48,3.77,-0.01
29000,-1.01,0.13,7.8,6.31,3.77,0.03
29009,-1.1,0.22,6.28,7.63,3.35,-0.02
29019,-1.01,0.09,8.02,6.28,2.72,0.03
29029,-1.01,0.1,6.74,7.19,3.77,0
29039,-1.01,0.1,6.98,6.97,2.51,0.01
29047,-1.01,0.04,7.09,6.91,2.51,0.04
29056,-1.1,0.09,6.52,7.33,2.09,0.02
29065,-1.01,0.17,6.85,7.08,2.51,-0.02
29074,-0.92,0.17,6.93,7,2.09,-0.02
29083,-0.84,0.51,5.86,7.72,2.09,-0.2
29091,-0.66,0.93,4.84,8.38,2.09,-0.25
29100,-0.84,1.1,8.07,6.33,1.47,-0.25
29108,-1.01,1.05,6.7,7.05,4.19,-0.25
29117,-0.57,0.98,7.46,6.39,6.49,-0.25
29125,-0.92,1.07,6.45,7.54,10.68,-0.25
29133,-0.66,1.12,7.19,6.74,11.09,-0.25
29142,-0.04,1.22,6.9,7.1,13.19,-0.25
29151,-0.13,1.22,6.21,7.26,15.7,-0.25
29159,-0.48,1.28,6.5,7.32,17.17,-0.25
29168,0.04,1.26,7.96,6.1,20.1,-0.25
29176,-0.13,1.2,6.83,6.85,21.35,-0.25
29185,0.48,1.07,6.79,6.83,24.49,-0.25
29193,0.48,1.03,6.82,6.64,24.28,-0.25
29202,0.66,0.8,8.12,6.8,27.42,-0.25
29210,0.92,0.64,6.2,7.63,30.35,-0.25
29218,1.01,0.32,7.29,6.47,32.45,-0.25
29226,0.84,-0.01,9.01,4.91,32.24,-0.25
29235,0.22,-0.41,8.26,5.96,34.75,-0.25
29243,0.31,-0.94,9.68,5.62,38.52,-0.25
29252,0.31,-1.47,9.87,5.35,41.24,-0.25
29261,0.13,-1.97,8.8,6.25,41.87,-0.25
29270,-0.22,-2.52,8.8,5.76,45.84,0.04
29278,-0.4,-2.36,5.33,8.48,44.17,0.2
29286,-0.57,-1.82,3.66,9.51,43.75,0.19
29294,-0.66,-1.17,3.75,9.33,43.12,0.1
29302,-0.75,-0.73,5.71,8.07,42.29,0.04
29310,-0.84,-0.48,6.12,7.42,41.45,0
29318,-0.92,-0.41,6.62,7.41,40.61,0.03
29326,-0.84,-0.36,7.55,6.35,40.4,0.04
29335,-0.92,-0.34,7.06,7.03,39.15,0.06
29343,-0.92,-0.19,6.22,7.59,39.35,0.01
29351,-0.92,-0.14,7.14,6.95,39.35,0
29359,-1.01,-0.13,7.58,6.66,38.94,0
29367,-1.01,-0.18,7.38,6.62,39.15,0.02
29375,-1.1,-0.14,6.95,7.17,38.52,0.01
29383,-1.1,-0.13,6.24,7.55,38.94,0.02
29391,-1.1,-0.08,7.21,7.12,38.31,0.02
29399,-1.1,-0.03,6.73,7.34,37.89,0
29407,-1.1,0.01,7.49,6.91,37.89,-0.02
29416,-0.57,-0.11,7.69,5.97,37.68,0.02
29424,-1.19,-0.1,7.16,7.14,38.1,0
29432,-1.19,-0.1,6.67,7.13,38.1,0.01
29440,-1.19,-0.11,7.05,7.21,37.68,0.03
29449,-1.54,-0.09,5.77,7.7,37.47,0.04
29457,-1.1,0.05,6.39,7.64,37.05,0
29466,-1.28,0.06,7.04,6.97,36.63,0
29474,-1.01,0.1,6.48,7.42,36.63,-0.02
29482,-1.19,-0.01,7.29,7.19,36.42,0.03
29491,-1.28,0.06,6.32,7.16,36.01,0.01
29500,-1.19,0.02,6.94,7.1,35.8,0.03
29509,-0.92,0.02,7.45,6.86,35.17,0.02
29519,-1.28,0.11,6.95,7.02,35.59,-0.05
29527,-1.19,-0.02,7.34,6.8,35.59,0.01
29536,-1.19,-0.1,7.32,6.67,35.8,0.03
29544,-1.28,-0.12,5.55,8.27,35.59,0.07
29554,-1.19,0.13,5.82,7.92,35.17,-0.01
29564,-1.1,0.16,7.38,6.81,34.96,-0.03
29573,-1.1,0.01,7.48,7.29,34.33,0.03
29582,-1.19,0.07,6.31,7.46,34.12,0.01
29592,-1.19,0.02,6.82,7.2,34.33,0.03
29602,-1.45,0.14,6.42,7.76,34.12,-0.02
29610,-0.92,0.04,6.8,6.63,34.33,0.02
29620,-1.19,0.02,7.11,7.23,33.7,0.03
29631,-1.1,0.11,6.3,7.42,33.7,-0.02
29642,-0.84,0.06,7.69,6.49,33.07,0
29651,-1.1,-0.01,7.7,6.17,33.28,0
29662,-1.01,-0.06,7.19,6.95,33.49,-0.01
29672,-1.19,-0.15,7.3,7.04,32.66,0.05
29681,-1.28,-0.06,6.25,7.92,32.66,0.03
29691,-1.28,0.01,6.84,6.96,32.45,0.01
29703,-1.28,0,6.48,7.26,32.45,0.01
29712,-1.28,-0.02,7.09,6.64,31.82,0.03
29721,-1.8,0,6.26,7.78,31.82,0.02
29730,-1.28,0.08,6.95,6.9,31.82,-0.01
29740,-1.28,0.06,7.17,6.91,31.82,-0.02
29749,-1.28,-0.04,7.56,6.49,31.4,0.02
29758,-1.01,-0.04,6.47,6.93,30.77,0.02
29769,-1.36,0.04,6.45,7.09,31.19,-0.02
29780,-1.36,-0.05,7.21,6.71,30.56,0.03
29789,-1.36,0,6.44,7.21,30.56,0.01
29800,-1.28,-0.02,6.87,7.4,30.56,0.02
29811,-1.36,0,7.07,6.76,30.56,0.01
29820,-1.45,0.03,6.86,7.1,29.93,0
29831,-2.16,-0.01,6.57,7.23,30.35,0.02
29842,-1.89,-0.04,6.84,6.77,29.52,0.05
29851,-1.36,0.08,6.08,7.64,28.89,0
29861,-1.45,0.11,7.44,6.47,29.31,-0.03
29871,-1.36,-0.03,7.67,6.38,27.84,0.03
29880,-1.54,0.01,6.63,7.51,28.47,0
29889,-1.36,-0.06,6.88,7.19,28.05,0.05
29898,-1.36,0.01,6.65,7.58,28.26,0.02
29907,-1.19,0.06,6.62,7.23,28.26,0
29917,-1.36,0.04,7.59,6.26,27.84,0
29926,-1.36,-0.02,7.14,7.03,27.63,0.02
29937,-0.92,-0.05,6.42,7.52,27.42,0.05
29948,-1.36,0.05,6.7,7.24,26.79,0.01
29957,-1.45,0.16,6.16,7.36,27.21,-0.04
29968,-1.36,-0.02,7.46,6.66,27,0.04
29979,-1.36,0,6.42,7.21,26.59,0.03
29988,-1.28,0.06,6.68,7.04,25.96,0.02
29999,-1.01,0.05,7.97,6.68,26.38,-0.01
30010,-1.28,0.03,7.46,6.95,25.75,-0.01
30019,-1.36,-0.08,6.77,6.9,26.17,0.03
30028,-1.36,-0.07,6.51,7.25,25.33,0.05
30037,-1.45,0.02,5.7,7.85,25.54,0.03
30048,-1.36,0.11,6.29,7.64,25.33,0.01
30057,-1.36,0.15,7.22,7.04,25.12,-0.01
30067,-1.45,0.08,7.59,6.9,24.49,0.01
30078,-1.28,0.03,7.24,6.63,23.86,0.02
30088,-2.07,0.08,7.04,7.28,24.28,-0.03
30097,-1.54,-0.02,7.06,6.88,24.28,0.02
30107,-1.45,0,5.91,7.73,23.24,0.04
30118,-1.45,0.08,7.56,6.75,23.65,0
30127,-1.01,0.03,6.78,6.66,23.45,0.01
30137,-1.19,0.02,6.97,7.18,23.45,0.01
30148,-1.36,0,6.98,7.15,23.03,0.03
30159,-1.45,0.03,6.15,7.88,22.82,0.03
30169,-1.36,0.09,6.72,7.09,22.19,0.02
30180,-1.45,0.15,6.31,7.52,22.19,-0.01
30189,-0.84,0.09,7.48,6.67,21.56,0.02
30199,-1.28,0.08,6.81,7.17,22.4,0
30208,-1.63,0.06,6.87,7.22,21.98,0.01
30219,-1.36,0.01,6.27,7.55,21.56,0.05
30228,-1.36,0.15,6.6,7.28,21.35,-0.01
30237,-1.45,0.13,7.42,6.7,20.51,0
30248,-1.36,0.08,7.11,6.82,20.72,-0.01
30257,-1.28,0.01,7.34,6.9,20.31,0.02
30266,-1.45,0,6.82,7.27,19.89,0.04
30277,-1.36,0.07,6.69,7.18,19.68,0
30286,-1.36,0.06,7.07,6.95,20.31,0
30297,-1.36,-0.01,7.91,6.58,19.47,0.03
30306,-1.19,-0.01,6.35,7.5,19.47,0.03
30316,-1.28,0.03,6.39,7.49,19.05,0.03
30327,-1.36,0.11,6.46,7.41,19.26,0
30336,-1.36,0.1,7.23,6.91,18.63,0.01
30348,-1.36,0.07,6.97,7.02,18.84,0
30357,-1.36,0.04,7.39,6.79,18.42,0.02
30367,-1.45,0.02,6.95,7.01,17.37,0.03
30376,-1.36,0.07,6.61,7.22,18.21,0
30387,-1.45,0.04,7,6.99,17.58,0.02
30398,-1.36,0.04,7,7.11,17.58,0.01
30407,-1.36,0.05,6.44,7.49,17.58,0.02
30417,-1.28,0.06,7.08,7.11,16.54,0.03
30426,-1.36,0.11,6.36,7.29,16.75,0
30435,-1.45,0.08,7.26,6.78,16.54,0.02
30444,-1.36,0.08,6.94,7.25,16.54,0.01
30455,-1.28,0.07,7.07,7.07,16.75,0
30466,-1.36,0.02,6.96,7.13,15.91,0.03
30475,-0.84,0.07,6.1,7.5,15.49,0.03
30486,-1.36,0.13,6.54,7.46,16.12,0
30497,-1.36,0.1,6.81,7.21,15.28,0.03
30506,-1.36,0.12,6.4,7.39,15.07,0.02
30517,-1.28,0.21,6.96,7.17,14.86,-0.03
30527,-1.36,0.06,7.34,6.62,14.23,0.04
30536,-1.36,0.1,6.4,7.52,14.86,0.01
30545,-1.36,0.09,6.99,6.89,14.23,0.02
30555,-1.28,0.08,6.55,7.49,14.23,0.02
30563,-1.54,0.13,6.78,7.14,13.82,0.01
30572,-1.28,0.13,7.16,7.19,13.4,0.01
30582,-1.28,0.13,6.97,6.88,13.19,0
30592,-1.01,0.04,7.12,6.9,13.82,0.03
30602,-1.28,0.06,6.47,7.35,13.19,0.03
30611,-1.01,0.13,6.45,7.29,12.77,0
30622,-1.28,0.11,7,6.99,12.14,0.02
30633,-1.19,0.07,7.02,6.94,11.72,0.03
30642,-1.19,0.12,6.6,7.11,11.72,0
30653,-0.84,0.09,6.74,7.12,11.72,0.01
30665,-1.19,0.07,7.08,6.95,10.89,0.03
30674,-1.19,0.12,6.39,7.38,11.3,0
30684,-1.19,0.09,7.3,6.77,11.3,0.01
30693,-1.19,0.09,6.84,7.25,10.89,0.01
30704,-1.19,0.05,6.95,7.07,10.47,0.03
30713,-1.19,0.1,6.47,7.46,9.84,0.02
30723,-1.28,0.16,6.69,7.15,10.68,-0.02
30733,-1.19,0.07,7.24,6.72,10.05,0.03
30742,-1.19,0.07,6.81,7.16,9.63,0.03
30753,-1.19,0.14,6.63,7.18,9.42,0
30764,-1.1,0.07,7.53,6.55,9.84,0.01
30773,-1.19,0.05,6.83,7.07,9,0.02
30782,-1.1,0.06,6.64,7.22,8.58,0.03
30791,-1.19,0.1,6.73,7.27,8.79,0.01
30802,-1.1,0.1,7.02,7.08,9.21,0
30811,-1.01,0.08,7.07,6.91,8.58,0.01
30822,-1.1,0.05,6.91,7.06,8.16,0.03
30833,-1.1,0.09,6.73,7.24,8.16,0.01
30842,-1.1,0.1,7.21,6.87,7.33,0.01
30851,-1.1,0.09,7.06,6.98,7.54,0
30862,-1.1,0.08,6.91,7.06,7.33,0.01
30873,-1.19,0.03,6.77,7.17,7.12,0.04
30882,-1.1,0.07,6.54,7.39,6.91,0.03
30892,-1.1,0.13,6.89,7.01,6.7,0.01
30904,-1.01,0.14,6.81,7.09,6.7,-0.01
30913,-1.1,0.07,7.31,6.82,6.49,0.02
30924,-1.1,0.08,6.59,7.29,6.07,0.02
30933,-1.01,0.08,6.98,6.93,5.44,0.03
30944,-1.01,0.14,6.66,7.24,5.86,-0.01
30953,-1.01,0.09,7.27,6.78,5.86,0.01
30964,-1.01,0.05,7.2,6.91,5.23,0.03
30974,-1.1,0.09,6.29,7.5,5.65,0
30985,-1.01,0.07,7.1,6.87,4.81,0.03
30995,-1.01,0.08,7.03,7.11,4.61,0.02
31005,-1.01,0.14,6.95,7.07,4.81,-0.01
31014,-1.01,0.08,6.91,6.97,4.81,0.01
31024,-1.01,0.04,6.75,7.23,3.77,0.05
31033,-1.01,0.11,6.35,7.46,4.19,0.02
31043,-1.01,0.16,7.28,6.78,3.56,0
31052,-0.84,0.38,5.76,7.8,3.35,-0.11
31062,-0.92,1.44,2.25,10.32,3.56,-0.25
31071,-0.48,1.66,8.75,5.57,7.54,-0.25
31081,-0.4,1.33,8.13,6.22,8.16,-0.25
31089,-0.22,1.37,6.8,6.75,9,-0.25
31100,-0.13,1.26,7.83,6.34,10.47,-0.25
31111,-0.04,1.28,6.6,7.39,14.86,-0.25
31120,0.57,1.14,8.5,5.87,17.37,-0.25
31130,0.57,1.2,6.96,7.3,18.42,-0.25
31141,0.13,1.15,8.23,6.01,20.1,-0.25
31151,0.84,0.95,8.23,5.96,23.24,-0.25
31160,0.13,0.73,7.04,6.63,26.17,-0.25
31169,0.4,0.42,9.07,5.57,29.1,-0.25
31179,0.66,-0.02,9.15,4.6,30.98,-0.25
31189,-0.04,-0.59,8.14,5.99,32.03,-0.25
31198,0.13,-1.41,9.26,5.38,34.54,-0.25
31209,-0.48,-2.34,9.54,5.18,38.73,-0.25
31218,-1.1,-3.09,9.7,5.41,39.15,0.25
31228,-1.01,-2.5,1.93,11.44,39.98,0.25
31239,-0.75,-1.52,4.62,8.47,37.89,0.24
31249,-0.84,-0.54,5.55,7.93,36.84,-0.06
31258,-0.92,-0.42,7.81,6.63,34.75,-0.04
31270,-1.01,-0.6,7.76,6.54,33.7,0.1
31281,-1.19,-0.36,7.27,6.81,33.28,0.02
31290,-0.66,-0.24,6.86,6.79,33.91,-0.03
31299,-1.98,-0.29,7.5,6.62,32.87,0.02
31310,-1.28,-0.3,6.9,7.15,32.45,0.05
31320,-1.63,-0.18,6.28,7.24,32.24,0.03
31329,-1.28,-0.04,6.54,7.34,32.03,-0.01
31338,-1.36,-0.07,7.03,6.79,31.82,0.01
31350,-0.66,-0.1,6.13,7.46,31.61,0.04
31360,-1.36,-0.03,5.99,8.14,31.4,0.04
31369,-1.36,0.09,5.83,7.9,30.35,0.03
31380,-1.28,0.21,6.84,7.03,30.98,-0.03
31391,-1.28,0.08,7.69,6.44,30.77,0
31401,-1.28,-0.03,7.07,7.14,30.98,0.03
31412,-1.36,0.03,6.95,7.03,30.14,0.01
31423,-1.36,0.02,7.7,6.71,29.52,0
31431,-1.28,-0.01,7.37,6.67,29.93,-0.01
31441,-1.28,-0.07,6.86,7.18,29.73,0.02
31451,-1.36,-0.14,6.74,7.27,29.52,0.07
31460,-1.28,0.02,5.3,8.32,29.93,0.02
31468,-1.54,0.09,6.59,7.35,29.52,0.02
31478,-1.28,0.13,7.23,6.79,28.68,-0.01
31488,-1.28,0.06,8,6.6,28.89,-0.01
31497,-1.1,0,7.57,6.57,28.26,0.01
31506,-1.8,-0.05,7.01,7.26,28.47,0.02
31517,-1.36,-0.02,7.36,6.93,28.05,0.01
31527,-1.54,-0.04,7.24,6.13,28.26,0
31536,-1.36,-0.02,7.02,7.19,27.21,0
31545,-1.45,-0.12,7.76,6.7,27.42,0.04
31554,-1.45,-0.07,7.3,7.06,27,0.01
31563,-1.45,-0.07,7.44,6.64,28.05,-0.01
31574,-1.45,-0.18,7.63,6.46,27.42,0.05
31584,-1.45,-0.06,5.27,8.22,27.21,0.02
31594,-1.63,0,6.67,7.18,26.59,0.03
31604,-1.54,0.04,7.01,6.97,25.96,0.02
31614,-1.63,0.09,6.49,7.45,25.12,0
31623,-1.54,0.06,6.72,7.06,25.75,0.01
31631,-1.54,0.05,6.41,7.64,25.33,0.03
31642,-1.63,0.11,6.65,7.02,24.7,0.01
31652,-1.45,0.07,6.75,6.94,24.7,0.02
31662,-1.45,0.13,7.13,7.19,24.28,-0.01
31672,-1.45,0.09,7.47,6.43,24.91,-0.03
31683,-1.54,-0.1,6.98,6.88,24.49,0.06
31693,-1.54,0,4.96,8.36,24.07,0.05
31701,-1.54,0.12,5.46,7.54,23.86,0.03
31710,-1.45,0.2,7.16,7.19,23.65,0
31720,-1.36,0.17,7.49,6.92,23.24,-0.01
31731,-1.36,0.04,7.36,6.65,23.03,0.03
31740,-1.36,0.09,6.18,7.36,23.03,0
31750,-1.45,0.06,7.41,6.76,22.61,0.02
31758,-1.45,0.07,6.69,7.14,22.82,0
31767,-1.45,0.06,7.12,7.08,21.98,0.01
31776,-1.8,0.03,6.88,6.94,22.61,0.01
31787,-1.36,0.03,6.98,6.69,22.82,0
31798,-1.54,-0.03,6.89,6.93,22.19,0.04
31807,-1.54,0.02,6.51,7.61,22.19,0.02
31816,-1.54,0.05,6.46,7.32,21.35,0.03
31827,-1.45,0.11,6.77,7.27,20.51,0.02
31836,-1.98,0.12,7.2,6.96,20.72,-0.01
31845,-1.45,0.06,7.48,6.75,20.31,0.01
31855,-1.54,0.04,6.49,7.36,20.93,0.01
31867,-2.16,0.02,6.96,7.07,19.68,0.04
31875,-1.45,0.06,6.68,7.23,20.1,0.01
31884,-1.45,0.09,6.47,7.48,20.1,0.01
31895,-1.36,0.09,7.17,6.86,19.05,0.02
31904,-1.45,0.07,6.92,6.97,19.89,0.01
31913,-1.45,0.03,6.98,6.96,19.05,0.03
31924,-1.45,0.05,7.18,7,19.68,0
31933,-1.45,0.05,6.83,7.08,18.63,0.01
31942,-1.36,0.05,7.06,6.69,18,0.02
31953,-1.72,0.05,6.41,7.31,18,0.01
31962,-1.45,0.06,6.69,7.22,17.58,0.02
31971,-1.63,0.04,7.03,7.02,17.79,0.03
31980,-1.45,0.12,6.01,7.58,18,-0.01
31991,-1.45,0.04,7.34,6.94,17.37,0.05
32001,-1.36,0.11,6.31,7.57,17.17,0.01
32010,-1.45,0.14,7.04,6.85,16.75,0
32020,-1.36,0.07,6.95,6.95,16.54,0.03
32032,-1.45,0.09,6.41,7.53,16.12,0.02
32041,-1.36,0.08,7.15,6.93,15.91,0.03
32050,-1.54,0.15,6.9,7.01,15.49,-0.01
32061,-1.45,0.07,7.01,7.02,15.28,0.02
32071,-1.45,0.04,6.53,7.3,15.07,0.04
32079,-0.57,0.12,6.55,7.4,15.28,0
32090,-1.45,0.09,6.97,6.99,14.65,0.03
32101,-1.36,0.1,6.98,7.08,14.65,0.01
32110,-1.28,0.13,6.55,7.13,14.65,-0.01
32119,-1.19,0.03,7.34,6.53,14.23,0.04
32128,-1.45,0.05,6.72,7.18,13.82,0.03
32137,-1.36,0.11,6.78,7.18,13.61,0
32146,-1.19,0.09,7.11,6.98,13.61,0.01
32155,-1.45,0.05,7.03,6.86,13.19,0.03
32166,-1.28,0.07,6.67,7.24,12.14,0.03
32177,-1.36,0.11,6.78,7.19,12.14,0.01
32186,-1.36,0.11,7.23,6.84,12.35,0
32197,-1.36,0.03,7.21,6.84,12.14,0.03
32206,-1.36,0.01,6.56,7.32,12.14,0.04
32215,-1.36,0.05,6.55,7.39,11.09,0.05
32224,-1.45,0.18,6.43,7.42,11.3,-0.01
32233,-1.28,0.09,7.61,6.55,11.3,0.02
32244,-1.28,0.1,6.93,7.06,10.68,0
32253,-1.36,0.05,7.1,6.9,10.68,0.02
32265,-1.36,0.05,6.75,7.28,10.26,0.03
32274,-1.1,0.1,6.84,7.12,9.42,0.02
32283,-1.28,0.08,6.93,7.04,10.26,0.01
32293,-1.28,0.05,6.77,7.14,9.63,0.03
32302,-1.28,0.1,6.66,7.34,9,0.02
32312,-1.28,0.12,6.87,7.13,9,0.01
32321,-1.28,0.11,7.24,6.79,9,0.01
32329,-1.28,0.07,7.07,6.84,8.37,0.02
32340,-1.36,0.07,6.9,7.17,8.16,0.02
32349,-1.36,0.1,6.6,7.24,8.79,0
32358,-1.36,0.06,7.15,6.83,8.37,0.03
32367,-1.28,0.09,6.6,7.34,7.54,0.02
32379,-1.1,0.13,6.7,7.15,7.33,0.01
32388,-1.28,0.08,7.21,6.77,6.91,0.04
32396,-1.28,0.14,6.74,7.16,6.91,0
32406,-1.28,0.07,7.81,6.52,6.49,0.02
32416,-1.28,0.06,6.64,7.28,6.07,0.02
32425,-1.19,0.06,7.27,6.84,6.28,0.02
32435,-1.19,0.09,6.68,7.26,6.7,0
32445,-1.19,0.05,7.11,6.94,5.44,0.04
32453,-1.01,0.05,6.71,7.27,5.65,0.03
32463,-1.28,0.1,6.64,7.33,5.86,0.01
32472,-1.28,0.12,6.97,6.96,5.44,0.01
32482,-1.19,0.09,7.16,6.89,4.61,0.03
32490,-1.19,0.14,6.5,7.28,4.61,0
32499,-1.28,0.09,6.93,7.02,4.19,0.03
32508,-1.1,0.09,6.75,7.2,4.4,0.03
32517,-1.19,0.13,6.49,7.41,4.19,0.02
32526,-1.19,0.16,6.86,7,4.19,0.01
32537,-1.36,0.15,7.01,6.92,3.14,0.01
32545,-0.48,0.1,7.25,6.76,3.35,0.02
32554,-1.1,0.1,6.96,7.08,2.93,0.02
32563,-1.1,0.12,6.91,7.07,2.93,0.01
32574,-1.19,0.07,7.01,6.97,2.51,0.03
32585,-1.1,0.09,6.79,7.21,1.67,0.03
32593,-1.1,0.18,6.58,7.24,2.3,-0.02
32602,-1.19,0.07,7.53,6.54,2.3,0.03
32613,-1.19,0.09,6.87,7.09,1.67,0.01
32623,-1.1,0.1,6.88,7.09,1.47,0.01
32632,-1.19,0.04,7.01,6.87,1.05,0.05
32644,-1.01,0.13,6.74,7.28,1.05,0
32654,-1.1,0.12,7.18,6.78,1.26,0
32663,-1.1,0.03,7.36,6.83,1.05,0.04
32672,-0.75,0.06,6.64,7.22,0.63,0.03
32683,-1.1,0.08,6.71,7.09,1.05,0.02
32692,-1.19,0.08,7.08,6.96,0.84,0.03
32703,-1.1,0.11,6.77,7.13,0.63,0.01
32713,-1.28,0.05,7.16,6.91,0,0.05
32722,-1.1,0.13,6.51,7.49,0.21,0.01
32731,-1.01,0.13,7.23,6.71,0.42,0
32740,-1.01,0.09,7.22,6.86,0.21,0.01
32750,-1.1,0.02,7.14,6.79,-0.42,0.05
32759,-1.01,0.09,6.37,7.5,-0.84,0.03
32771,-1.01,0.14,6.69,7.27,-0.63,0.01
32782,-1.01,0.08,7.04,6.99,-2.72,0.07
32791,-0.92,0.19,6.33,7.44,-2.72,0.01
32800,-0.92,0.21,6.82,7.13,-3.14,0.01
32809,-1.1,0.19,7.23,6.79,-3.14,0.01
32820,-0.92,0.14,7.14,6.88,-3.98,0.03
32829,-0.92,0.13,6.75,7.19,-3.98,0.03
32838,-0.4,0.19,6.82,7.06,-3.77,-0.01
32847,-0.92,0.12,7.39,6.66,-4.61,0.03
32856,-0.84,0.11,6.81,7.19,-3.98,0.01
32865,-0.84,0.12,6.75,7.18,-4.61,0.03
32876,-0.84,0.13,7.09,6.85,-5.23,0.02
32887,-0.84,0.14,7.06,6.9,-5.02,0
32896,-0.84,0.09,7.08,6.91,-5.65,0.03
32907,-1.01,0.06,7.28,6.9,-5.44,0.03
32918,-0.84,0.12,7.07,6.91,-6.07,0
32927,-0.84,0.07,7.23,6.75,-5.65,0.02
32936,-0.92,0.04,6.94,7.01,-6.28,0.04
32946,-0.84,0.08,6.52,7.3,-6.49,0.03
32958,-0.57,0.11,6.98,7.08,-6.7,0.03
32967,-0.75,0.15,6.95,7.02,-6.91,0.01
32978,-1.63,0.12,7.16,6.95,-7.12,0.02
32990,-0.75,0.1,7.13,6.93,-7.33,0.02
32998,-0.31,0.09,6.8,7.03,-7.33,0.02
33010,-0.04,0.13,6.92,7.07,-8.16,0.02
33021,-0.75,0.1,6.83,6.98,-8.58,0.03
33030,-0.66,0.15,6.59,7.38,-8.16,0.01
33040,-0.66,0.13,7.05,6.91,-8.37,0.02
33052,-0.66,0.14,7.14,7.03,-8.58,0.01
33061,-1.1,0.14,7.21,6.91,-9.21,0.01
33070,-0.75,0.09,7,6.98,-9,0.03
33082,-0.75,0.11,6.96,7.01,-9.84,0.03
33092,-0.75,0.15,6.82,7.09,-10.05,0.01
33101,-0.75,0.11,7.27,6.88,-9.84,0.02
33111,-0.66,0.12,7.08,6.93,-10.05,0.01
33120,-0.66,0.06,7.04,7.05,-10.89,0.06
33130,-0.66,0.15,6.3,7.57,-10.47,0.02
33139,-0.66,0.17,7.2,6.91,-11.09,0.02
33149,-0.66,0.14,6.88,7.06,-10.89,0.02
33161,-0.66,0.17,6.79,7.04,-11.3,0.01
33170,-0.31,0.12,7.18,6.95,-11.51,0.03
33181,-0.57,0.14,7.15,6.83,-11.3,0
33190,-0.57,0.16,6.86,7.2,-12.56,0.01
33200,-0.66,0.09,7.3,6.75,-12.56,0.04
33211,-0.66,0.16,6.89,7.07,-12.56,0
33221,-0.57,0.12,7.71,6.45,-13.4,0.02
33231,-0.4,0.09,7.53,6.54,-13.19,0.01
33240,-0.48,0.06,6.97,7.07,-12.98,0.01
33249,-0.48,0.04,7.07,6.86,-13.61,0.04
33258,-0.57,0.08,6.49,7.25,-14.23,0.04
33267,-0.57,0.11,7.19,6.76,-13.82,0.02
33278,-0.57,0.14,6.75,7.15,-14.44,0.01
33287,-0.48,0.12,6.95,6.98,-13.82,0.01
33298,-0.4,0.08,7.2,6.89,-14.23,0.04
33307,-0.4,0.13,6.83,7.05,-14.65,0.02
33316,-0.04,0.16,6.95,7.06,-15.07,0.01
33327,-0.48,0.13,6.97,6.8,-14.65,0.01
33336,-0.22,0.1,7.19,7,-15.28,0.04
33345,-0.48,0.15,6.81,7.19,-15.28,0.01
33355,-0.4,0.13,7.12,6.85,-16.12,0.03
33365,-0.4,0.14,6.59,6.99,-16.54,0.03
33375,-0.48,0.2,6.55,7.36,-15.91,0
33384,-0.31,0.12,7.81,6.33,-16.96,0.04
33395,-0.48,0.16,6.75,7.27,-16.54,0
33404,-0.57,0.16,7.41,6.82,-16.54,0
33414,-0.31,0.03,7.1,7.11,-17.17,0.07
33423,-0.4,0.18,5.97,7.7,-16.96,0.01
33433,-0.48,0.22,7.24,6.63,-17.37,0
33443,-0.13,0.14,7.35,6.63,-17.58,0.02
33453,-0.31,0.18,6.62,7.26,-17.79,0
33463,0.13,0.12,7.07,7,-17.37,0.02
33472,-0.31,0.14,6.68,7.3,-18,0.03
33481,-0.31,0.19,6.81,7.03,-18.42,0.02
33493,-0.4,0.19,6.7,7.23,-18.42,0.01
33501,-0.31,0.2,6.82,7.12,-19.05,0.02
33510,-0.22,0.2,7.02,6.91,-18.63,0.01
33521,-0.22,0.16,7.32,6.77,-19.26,0.03
33531,-0.48,0.2,6.52,7.3,-19.05,0
33540,-0.13,0.14,7.46,6.41,-19.26,0.02
33549,-0.22,0.13,7.16,7.02,-19.05,0.01
33558,-0.22,0.14,7.09,6.97,-19.47,0.01
33567,-0.22,0.1,7.26,6.74,-20.1,0.04
33576,-0.13,0.17,6.71,7.3,-19.68,0
33586,-0.13,0.13,7.44,6.43,-20.31,0.02
33597,-0.22,0.17,6.35,7.53,-20.51,0
33605,-0.22,0.17,6.92,6.78,-20.51,0.01
33614,-0.13,0.12,6.97,7.39,-20.31,0.03
33625,-0.13,0.2,6.77,7.04,-20.93,0
33634,-0.13,0.16,7.66,6.35,-20.93,0.01
33643,-0.04,0.16,7.26,6.79,-21.35,0
33652,-0.13,0.11,7.46,6.95,-19.89,-0.01
33663,-0.04,0.03,7.48,6.48,-21.35,0.04
33672,0.31,0.1,6,7.69,-21.14,0.02
33682,0.04,0.17,7,7,-21.35,0
33692,-0.04,0.15,7.07,6.93,-21.98,0.02
33700,-0.04,0.17,6.79,6.83,-21.98,0.01
33709,-0.04,0.15,7.36,6.84,-21.98,0.02
33719,0.04,0.19,6.57,6.93,-21.56,-0.01
33728,0.04,0.12,7.73,6.48,-22.19,0.02
33737,-0.13,0.1,7.36,6.87,-22.19,0.02
33746,0.04,0.12,7.07,6.92,-22.4,0.01
33755,0.04,0.13,7.51,6.81,-22.19,0
33765,-0.04,0.08,7.36,6.6,-22.61,0.02
33774,0.04,0.07,7.44,6.69,-23.45,0.02
33784,0.04,0.12,7.41,6.58,-23.03,-0.01
33794,0.13,0.06,7.46,6.67,-22.61,0
33804,0.13,-0.02,7.24,6.59,-23.24,0.05
33813,0.04,0.08,5.62,8.02,-23.45,0.03
33823,0.04,0.16,6.88,7.04,-23.03,0.01
33833,0.04,0.16,7.11,6.98,-23.65,0.02
33841,0.13,0.2,6.8,6.82,-23.65,-0.01
33851,0.13,0.16,7.65,6.76,-23.86,0.01
33862,0.13,0.14,6.58,7.19,-24.07,0.01
33872,0.13,0.13,7.39,6.79,-24.07,0.02
33881,0.13,0.16,7.04,7.07,-24.28,0.01
33891,0.13,0.18,6.96,6.72,-24.49,-0.01
33900,0.13,0.13,7.57,6.83,-24.49,0.01
33909,0.75,0.12,7.02,7.05,-24.49,0.01
33918,0.13,0.11,6.85,7.06,-24.49,0.02
33929,0.22,0.15,6.42,7.14,-24.7,0.02
33940,0.22,0.21,6.83,6.87,-25.12,0
33949,0.22,0.16,6.88,6.99,-25.54,0.03
33959,0.75,0.23,6.13,7.44,-25.12,0
33971,0.31,0.21,7.87,6.54,-24.91,-0.01
33980,0.31,0.13,7.08,7.06,-25.54,0.03
33989,0.22,0.17,7.27,6.78,-25.54,0.01
34000,0.31,0.21,6.96,6.86,-25.75,-0.02
34009,0.04,0.11,8.04,6.6,-25.33,0.01
34018,0.31,0.12,6.8,7.22,-25.54,0
34027,0.31,0.08,7.09,6.71,-26.17,0.04
34038,0.4,0.16,6.94,6.92,-25.96,-0.01
34047,0.22,0.17,7.49,6.43,-26.17,-0.02
34056,0.4,0.09,7.9,6.22,-25.75,-0.01
34067,0.57,-0.01,7.43,6.84,-25.75,0.03
34076,0.48,0.03,6.85,7.29,-25.96,0.03
34085,0.04,0.12,6.83,6.73,-26.17,0
34097,0.4,0.13,5.98,7.47,-25.96,0.01
34108,0.48,0.12,7.31,6.53,-25.96,0.02
34117,0.48,0.2,6.71,6.95,-26.38,-0.01
34127,0.4,0.16,7.2,6.65,-26.79,0.01
34138,0.4,0.16,6.99,6.89,-25.75,-0.02
34148,0.48,0.15,6.84,6.89,-26.59,0
34158,-0.13,0.13,6.84,7.48,-26.59,0.02
34166,-0.4,0.15,6.64,7.01,-26.59,0.02
34176,0.75,0.21,7.28,6.68,-26.59,-0.02
34184,0.57,0.21,7.51,6.55,-27,-0.03
34194,0.57,0.11,7.51,6.37,-26.38,0
34203,0.4,-0.02,7.56,6.49,-26.59,0.05
34213,0.57,0.16,6,7.75,-26.79,-0.02
34222,0.48,0.13,7.47,6.93,-26.79,0.01
34232,0.57,0.16,6.07,7.6,-26.79,0.01
34243,0.57,0.14,6.71,7.36,-27.21,0.05
34252,0.92,0.22,7.04,6.9,-26.79,0
34261,0.92,0.26,7.6,6.44,-27.42,-0.02
34272,0.66,0.14,7.04,7,-27.21,0.01
34283,1.1,0.12,6.84,6.96,-27.21,0.03
34292,0.57,0.22,7.3,6.61,-28.26,-0.01
34303,0.48,0.15,7.42,6.77,-27.63,-0.01
34314,0.75,0.08,6.65,7.3,-27.84,0.04
34323,1.45,0.18,5.5,7.98,-27.63,0.01
34334,0.75,0.27,6.31,7.43,-28.26,0.01
34346,0.75,0.34,6.63,7.22,-28.26,-0.02
34355,0.92,0.36,7.41,6.57,-28.26,-0.05
34366,0.92,0.16,8.34,5.94,-28.05,0
34375,0.75,0.11,7.56,6.34,-27.84,-0.01
34386,1.01,0.1,7.36,6.66,-27.63,-0.02
34395,0.92,0.01,6.91,6.84,-27.84,0.03
34405,0.92,0.05,6.27,7.56,-27.42,0.03
34416,1.01,0.14,7.28,6.8,-27.84,0.01
34425,0.92,0.15,6.97,6.89,-28.05,0
34436,1.36,0.12,7.84,6.52,-27.84,0
34448,0.92,0.07,7.42,6.5,-28.26,0.01
34458,1.01,0.04,7.42,7,-28.26,0.03
34467,1.01,0.13,7.39,6.58,-27.63,-0.03
34477,1.01,0.09,7.23,6.42,-28.05,-0.01
34486,1.01,0.05,7.72,6.71,-27.63,-0.01
34495,1.1,0.03,6.88,6.91,-28.26,0.02
34504,1.1,0.04,7.47,6.74,-28.05,0.01
34515,0.92,0.16,7.08,6.85,-28.26,-0.04
34525,1.01,0.08,7.78,6.14,-28.05,-0.02
34534,1.01,-0.02,7.82,6.32,-28.05,0.02
34544,1.19,0.01,6.53,7.22,-27.84,0.01
34553,0.92,0.01,7.19,7.02,-28.47,0.04
34562,1.01,0.1,7.36,6.76,-27.84,-0.01
34571,1.01,0.13,6.55,7.08,-27.84,-0.02
34581,1.63,0.02,7.61,6.44,-28.26,0.05
34589,1.01,0.15,5.86,7.82,-28.47,0
34600,1.01,0.14,7.13,6.89,-28.47,0.02
34609,1.1,0.25,6.58,7.6,-28.68,-0.02
34620,1.1,0.21,7.5,6.56,-28.68,-0.01
34630,1.01,0.16,6.8,7.16,-28.89,0.01
34641,1.19,0.19,7.17,6.79,-28.47,-0.01
34650,1.1,0.16,7.78,6.36,-29.31,0
34660,1.1,0.18,8.01,6.46,-27.84,-0.06
34669,1.1,0.03,8.59,5.91,-28.47,-0.01
34678,1.1,-0.06,8.7,5.61,-28.05,0
34689,1.1,-0.04,7.67,6.48,-27.63,-0.04
34698,1.1,-0.12,7.18,6.84,-27.42,0.01
34708,1.01,-0.12,7.65,6.58,-28.26,0.04
34719,1.01,0.07,6.7,6.95,-27.84,-0.05
34729,1.01,-0.04,9.21,5.73,-27.21,-0.01
34738,1.72,-0.09,7.94,6.38,-28.05,0
34749,1.19,-0.05,6.81,6.77,-27.84,-0.01
34760,0.84,-0.12,7.08,6.77,-27.84,0.05
34770,1.01,0.01,6.39,7.53,-27.63,0.01
34780,1.01,0.12,7.15,6.87,-27.63,-0.02
34792,1.1,0.11,7.6,6.11,-27.84,-0.02
34801,1.1,0.06,7.78,6.31,-28.26,-0.01
34812,1.01,0,7.47,6.56,-28.26,0.01
34821,1.01,0.06,6.46,7.03,-27.84,-0.02
34831,1.01,0.05,6.91,6.62,-27.84,0
34840,1.01,0.12,7.3,6.59,-28.05,-0.03
34851,1.1,0.01,7.49,6.57,-27.63,0.01
34863,1.1,0,7.07,7,-28.05,0.03
34872,1.01,0.11,7.35,6.83,-28.05,-0.02
34881,1.1,0.1,7.59,6.81,-27.84,-0.02
34893,1.01,0.01,7.31,6.76,-27.63,0.02
34902,1.19,0.02,6.65,7.22,-27.84,0.03
34911,1.1,0.12,6.74,7.44,-28.05,0.01
34921,1.1,0.19,7.81,6.38,-28.05,-0.04
34932,1.1,0.13,7.81,6.23,-28.26,-0.04
34941,1.1,0.04,7.04,7.01,-27.84,0
34952,1.1,0.02,7.14,7.3,-28.26,0.03
34963,1.19,0.16,6.82,7.05,-28.26,-0.02
34972,0.66,0.18,7.74,6.37,-27.63,-0.05
34983,1.01,0,8.11,6.21,-27.84,0.01
34995,1.72,0.02,6.72,7.34,-27.84,0.01
35003,1.1,0.03,7.61,6.79,-27.21,0.01
35012,1.01,0.1,7.27,6.76,-27.42,-0.03
35022,1.45,0.02,8.31,6.62,-27.63,0.01
35032,1.19,0.06,7.6,6.53,-27.63,-0.02
35041,1.01,0.03,7.57,6.57,-27.63,-0.02
35051,1.1,-0.04,7.58,6.77,-27.84,0.02
35060,1.1,0.03,6.38,7.68,-28.05,0.01
35069,1.1,0.07,7.58,6.66,-27.63,0
35079,1.1,0.14,7.43,6.56,-27.84,-0.04
35088,1.1,0.03,7.44,6.65,-27.84,0.01
35100,1.1,0.01,6.82,6.72,-28.05,0.03
35109,1.1,0.16,6.1,7.44,-27.63,-0.03
35120,1.54,0.09,7.51,6.44,-27.42,0.01
35129,0.66,0.11,7.13,6.99,-27.84,0
35138,1.1,0.16,7.16,6.93,-28.05,-0.02
35147,1.19,0.14,7.86,6.75,-27.63,-0.02
35158,1.1,0.12,7.59,6.4,-28.05,-0.03
35169,1.19,0.04,7.21,6.88,-27.63,0
35178,1.1,-0.02,7.17,7.02,-27.42,0.04
35187,1.19,0.1,6.33,7.25,-27.63,0
35196,1.28,0.18,6.64,7.28,-27.63,-0.02
35206,1.19,0.12,7.39,6.61,-27.63,0.01
35215,1.28,0.13,7.38,6.49,-27.21,-0.01
35226,1.28,0.09,7.18,6.99,-27.21,0
35237,1.1,0.03,7.99,6.12,-27.21,0.02
35246,1.19,0.1,7.12,6.84,-27.21,-0.03
35256,1.28,0.01,8.31,6.54,-27.42,0.01
35265,1.19,0.09,7.16,6.83,-27.63,-0.03
35275,1.89,0.04,7.79,6.42,-27.42,-0.01
35285,1.28,0.01,7.66,6.71,-27.42,-0.01
35295,1.19,0.03,7.05,7.14,-27.21,-0.01
35306,1.19,0.01,6.93,6.78,-27.21,0.01
35315,0.92,0.06,7,6.81,-27.21,0
35326,1.36,0.1,7.36,6.9,-27.42,-0.02
35337,1.63,0.02,7.99,6.75,-27.21,0.02
35346,1.19,0.07,6.54,7.16,-27.42,0
35357,1.19,0.1,7.7,6.67,-27.21,-0.01
35366,1.19,0.1,6.51,7.27,-27,-0.01
35375,1.19,0.09,7.02,6.8,-27.21,0.01
35384,1.19,0.09,6.24,7.35,-27,0.02
35395,1.28,0.22,6.91,6.95,-27.21,-0.03
35407,1.28,0.18,7.44,6.64,-27.42,-0.02
35416,1.28,0.14,7.43,6.74,-27.84,0
35427,1.45,0.15,7.6,6.53,-27.21,-0.04
35438,1.36,0.06,7.32,6.73,-27.42,0
35448,1.28,0.05,7.21,6.56,-27,0
