31152,-0.22,0.04,6.92,6.99,5.44
31161,-0.84,0.07,7.01,7.02,5.44
31169,-0.22,0.05,7.29,6.72,5.65
31179,-0.22,0.03,7.3,6.75,5.23
31188,-0.22,0,7.07,6.95,5.44
31197,-0.31,0,6.8,7.05,5.23
31208,-0.31,0.04,6.72,7.13,5.23
31217,-0.22,0.1,7,7,5.23
31225,-0.22,0.07,7.57,6.52,5.02
31234,0.31,0,7.36,6.74,5.23
31242,-0.31,-0.04,7.23,6.84,4.81
31251,-1.01,0.05,6.75,7.14,5.02
31259,-0.4,0.03,7.41,6.7,5.02
31268,-0.31,0.01,7.16,6.84,5.23
31277,-0.66,-0.02,6.81,7.01,4.61
31286,-0.4,0.02,6.82,7.14,4.81
31296,-0.57,0.09,7.05,6.95,4.4
31306,-0.31,0.03,7.48,6.64,4.61
31314,-0.31,0.04,7.08,6.88,4.19
31323,-0.31,0.05,6.89,6.93,3.98
31332,-0.31,0,7.29,6.78,4.19
31341,-0.31,0.05,6.82,7.09,4.4
31349,-0.57,0.04,7.03,6.93,3.98
31358,-0.92,0.04,6.86,7.06,3.35
31368,-0.31,0.08,6.77,7.17,3.77
31377,-0.31,0.06,7.27,6.79,4.19
31386,-0.31,0.04,7.23,6.79,3.98
31395,-0.22,0.03,6.92,7.04,3.56
31404,-0.31,0.04,7.09,6.97,3.56
31414,-0.31,0.07,7,6.97,3.35
31423,-0.31,0.05,7.13,6.93,3.35
31432,-0.31,0.03,7.07,6.91,3.14
31440,-0.31,0.04,6.9,7.04,3.56
31450,-0.31,0.06,6.96,6.98,3.14
31458,-0.31,0.07,7.04,6.93,3.98
31467,-0.4,0.02,7.37,6.7,3.35
31477,-0.31,0.02,6.71,7.1,2.93
31487,-0.22,0.13,6.55,7.3,2.72
31496,-0.31,0.09,7.27,6.82,3.14
31505,-0.4,0.04,6.97,6.92,2.72
31514,-0.31,0.05,6.58,7.24,3.35
31524,0.48,0.08,6.98,6.96,2.51
31532,-0.22,0.1,7.07,6.9,2.09
31541,-0.31,0.07,7.13,6.91,2.93
31549,-0.22,0.05,7.07,6.98,2.3
31558,-0.22,0.05,6.8,7.11,2.51
31567,-0.22,0.08,6.83,7.13,2.09
31577,-0.22,0.1,6.92,6.99,1.67
31586,0.57,0.13,6.92,6.96,1.67
31595,-0.57,0.1,7.23,6.76,2.09
31603,-0.22,0.05,7.3,6.7,1.88
31613,-0.22,0.04,6.96,7.02,1.47
31623,-0.22,0.05,6.85,7.05,2.09
31632,-0.22,0.07,7.09,6.84,1.67
31641,-0.22,0.05,7.14,6.88,1.67
31650,-0.22,0.07,6.95,6.99,1.47
31660,-0.31,0.02,7.2,6.82,1.47
31669,-0.04,0.06,6.84,7.06,1.47
31678,-0.22,0.05,7.1,6.86,0.84
31688,-0.22,0.09,6.74,7.19,1.47
31697,-0.22,0.05,7.11,6.9,1.26
31705,-0.22,0.05,6.87,7.11,1.47
31714,-0.22,0.09,6.74,7.16,1.26
31723,-0.31,0.08,7.1,6.96,1.26
31732,-0.13,0.08,7.05,6.89,0.84
31740,-0.22,0.07,6.99,7.01,0.42
31749,-0.57,0.11,6.76,7.14,0.84
31758,-0.13,0.08,7.35,6.66,1.26
31766,-0.22,0.04,7.23,6.77,0.84
31775,-0.22,0.06,6.87,7.08,0.63
31784,-0.22,0.05,7.15,6.82,1.05
31794,-0.31,0.09,6.98,7,0.63
31802,-0.13,0.03,7.24,6.78,0.84
31811,-0.13,0.05,6.94,7,0.42
31820,-0.13,0.07,6.99,6.97,0.42
31830,-0.57,0.05,7.26,6.7,0.63
31839,-0.13,0.02,7.27,6.77,0.63
31848,-0.22,0.02,6.98,6.95,0.42
31858,-0.22,0.06,6.88,7.09,0.42
31866,-0.57,0.03,7.22,6.8,0.42
31875,-0.22,0.02,7.12,6.76,0.21
31883,-0.75,0.03,6.61,7.25,0.42
31893,-0.22,0.05,6.94,7.05,-0.21
31903,-0.31,0.14,6.42,7.4,-0.21
31911,-0.22,0.12,7.09,6.89,0.21
31921,-0.22,0.1,7.05,7.04,-0.42
31931,-0.22,0.05,7.19,6.83,0.21
31940,-0.22,0.07,6.76,7.2,-0.42
31949,-0.13,0.09,6.75,7.16,-0.21
31958,-0.13,0.12,6.9,7.01,0
31967,-0.04,0.11,7.22,6.77,-0.42
31975,-0.22,0.07,7.31,6.71,-1.67
31983,-0.13,0.09,6.77,7.13,-1.67
31993,-0.13,0.12,7.04,6.91,-1.67
32003,-0.04,0.11,7.23,6.82,-1.88
32011,0.04,0.06,7.12,6.9,-1.88
32020,-0.13,0.08,6.75,7.13,-2.09
32029,-0.13,0.09,7,6.88,-2.09
32038,-0.13,0.09,7,6.98,-1.88
32047,-0.04,0.05,7.16,6.79,-1.88
32057,-0.13,0.05,6.85,7.07,-2.51
32065,-0.13,0.11,6.79,7.08,-2.51
32075,0.13,0.14,7.15,6.8,-2.51
32083,-0.04,0.07,7.62,6.61,-2.51
32092,-0.04,0.05,6.74,7.13,-2.51
32102,-0.13,0.02,7.22,6.86,-2.72
32111,-0.04,0.11,6.68,7.27,-2.72
32121,-0.04,0.1,7.72,6.43,-2.93
32130,-0.04,0.03,6.97,6.99,-2.51
32140,-0.22,0.02,7.11,6.9,-3.14
32149,-0.22,0.03,6.61,7.32,-3.56
32158,-0.04,0.14,6.8,7.14,-3.35
32168,-0.04,0.11,7.49,6.54,-2.72
32177,-0.22,0.04,7.13,6.84,-3.98
32187,-0.13,0.04,6.66,7.15,-2.93
32196,-0.22,0.06,6.89,6.98,-3.77
32206,-0.13,0.12,6.64,7.27,-3.14
32215,-0.13,0.11,7.44,6.57,-3.77
32223,-0.13,0.05,7.6,6.52,-3.98
32232,-0.04,0.06,6.9,7.07,-3.98
32241,-0.13,0.07,6.97,6.94,-5.23
32251,-0.04,0.13,6.97,7.03,-4.81
32259,-0.04,0.08,7.05,6.85,-3.98
32267,-0.04,0.07,7.1,6.81,-3.98
32276,-0.04,0,7.13,6.8,-4.4
32286,-0.04,0.08,6.32,7.47,-4.19
32295,-0.66,0.14,7.22,6.73,-4.4
32305,-0.04,0.06,7.05,6.79,-5.02
32314,-0.04,0.1,6.91,7.04,-4.61
32323,-0.57,0.06,7.55,6.56,-4.81
32332,-0.04,0.08,7.06,7.09,-4.81
32341,-0.04,0.06,7.36,6.79,-4.61
32351,-0.04,-0.02,7.44,6.64,-5.23
32361,0.04,0.07,6.26,7.52,-5.23
32370,0.04,0.1,7.22,6.81,-5.44
32380,-0.04,0.09,6.72,7.15,-5.44
32388,0.66,0.12,7.05,6.85,-5.44
32398,0.04,0.06,7.26,6.85,-5.86
32407,-0.13,0.11,6.63,7.21,-5.86
32416,-0.04,0.11,7.2,6.75,-5.65
32426,-0.13,0.04,7.38,6.69,-5.86
32436,-0.13,0.09,6.57,7.33,-6.07
32444,0.04,0.09,7.18,6.88,-6.07
32453,0.13,0.11,7.02,6.95,-6.07
32463,0.04,0.09,7.48,6.65,-6.28
32473,0.13,0.03,7.44,6.56,-6.28
32482,0.04,0.04,6.68,7.21,-6.07
32491,-0.04,0.02,7.13,6.9,-6.28
32500,-0.04,0.09,6.56,7.26,-7.12
32509,-0.13,0.11,7,6.97,-6.7
32519,0.04,0.12,7.05,6.99,-6.91
32528,-0.04,0.08,7.31,6.71,-6.91
32538,0.22,0.07,6.85,7.02,-7.12
32547,0.04,0.12,6.86,7.04,-6.91
32556,0.04,0.09,7.2,6.82,-7.75
32564,0.04,0.1,6.85,7.02,-6.91
32574,0.04,0.09,7.31,6.59,-7.12
32583,0.04,0.04,7.34,6.69,-6.91
32592,0.04,0.06,6.85,7.04,-8.16
32601,0.13,0.1,6.7,7.15,-7.33
32610,0.22,0.11,7.37,6.65,-7.33
32620,0.04,0.04,7.4,6.71,-7.33
32630,-0.04,0.02,6.93,7.07,-7.12
32640,0.22,0.07,6.71,7.11,-7.12
32649,0.04,0.05,7.35,6.72,-7.75
32658,0.04,0.12,6.74,7.21,-7.54
32667,0.13,0.09,7.7,6.42,-7.95
32677,0.13,0.03,6.87,7.05,-7.95
32686,0.04,0.06,6.77,7.09,-7.12
32696,0.04,0.04,7.1,6.86,-7.54
32706,0.13,0.12,6.63,7.28,-7.54
32715,0.04,0.07,7.64,6.46,-8.37
32724,0.13,0.12,6.71,7.26,-7.95
32732,0.13,0.1,6.8,7.1,-8.58
32742,0.13,0.1,7.36,6.83,-7.54
32751,0.13,0.07,7.02,6.82,-8.37
32761,0.13,0.08,6.65,7.17,-8.37
32770,0.13,0.11,6.83,7.11,-7.95
32780,0.13,0.09,7.15,6.81,-8.58
32788,0.13,0.14,6.74,7.16,-8.58
32797,0.13,0.12,7.25,6.68,-8.79
32807,0.13,0.06,7.26,6.71,-9
32816,0.13,0.12,6.81,7.08,-9
32824,0.13,0.11,7.3,6.78,-9
32832,0.22,0.09,7.19,6.85,-8.79
32842,-0.04,0.03,7.39,6.79,-9
32852,0.22,0.07,6.81,6.98,-8.79
32861,0.13,0.12,7.02,6.8,-9.21
32870,0.13,0.04,7.55,6.47,-9
32880,0.13,0.06,6.91,7.03,-7.95
32889,0.13,-0.01,7.28,6.73,-9.21
32898,0.13,0.06,6.74,7.26,-8.58
32908,0.13,0.11,6.98,6.87,-9.42
32916,0.13,0.06,7.48,6.65,-9.63
32926,0.13,0.1,6.9,7.11,-9.42
32934,0.22,0.06,7.19,6.74,-8.58
32944,0.31,0.03,7.21,6.83,-9.63
32954,0.13,0.07,6.74,7.16,-9.63
32962,-0.22,0.1,6.97,7,-9.21
32972,0.13,0.08,7.58,6.54,-9.63
32983,0.22,0.07,6.86,7.03,-10.05
32992,-0.13,0.08,6.84,7.1,-10.05
33001,0.13,0.09,7.19,6.77,-9.63
33011,0.22,0.09,7.2,6.76,-10.05
33021,0.84,0.05,7.12,6.87,-10.05
33031,0.13,0.06,6.75,7.03,-10.05
33041,0.13,0.09,6.86,7.01,-10.05
33049,0.13,0.11,7.18,6.82,-9.84
33058,0.48,0.08,7.5,6.64,-10.47
33068,0.13,0.06,7.2,6.8,-9.84
33077,-0.22,0.05,7.45,6.59,-10.05
33086,0.13,0.02,7.04,7,-10.26
33095,0.31,0.03,6.8,7.14,-10.68
33105,0.13,0.12,6.45,7.33,-10.47
33115,0.22,0.1,7.64,6.53,-10.89
33125,0.22,0.11,6.99,6.81,-10.47
33133,0.31,0.08,7.19,6.82,-11.09
33143,0.13,0.03,7.21,6.82,-10.89
33152,0.31,0.1,6.56,7.36,-10.68
33162,0.31,0.07,7.47,6.56,-11.09
33171,0.22,0.09,7.05,6.91,-10.68
33181,-0.22,0.08,7.46,6.49,-11.51
33191,0.22,0.02,7.33,6.76,-11.3
33200,0.22,0.04,7.35,6.79,-11.51
33210,0.22,0.09,6.69,7.18,-11.09
33220,0.22,0.01,7.72,6.44,-11.3
33229,0.22,0.06,6.67,7.15,-11.09
33237,0.13,0.05,7.12,6.79,-11.51
33246,0.22,0.07,7.15,6.91,-12.56
33255,0.22,0.09,7.08,6.77,-11.72
33263,0.22,0.09,7.11,6.87,-11.3
33273,0.22,0.04,7.51,6.47,-11.93
33282,0.22,0.05,6.98,7.03,-11.72
33291,0.22,0.05,7.3,6.71,-11.72
33299,0.22,0.07,7.12,6.85,-11.93
33308,0.13,0.05,7.23,6.76,-11.72
33317,0.13,0.03,7.28,6.83,-12.14
33326,0.22,0.07,7.03,6.91,-11.72
33335,0.22,0.06,7.24,6.73,-12.14
33344,0.31,0.05,7.06,6.84,-12.35
33354,0.31,0.1,7.24,6.87,-12.14
33363,0.22,0.02,7.53,6.67,-12.35
33373,0.22,0.05,6.58,7.28,-12.14
33381,0.31,0.07,6.92,7.04,-12.14
33391,0.4,0.09,7.29,6.63,-12.14
33400,0.22,0.08,7.27,6.74,-12.35
33409,0.22,0.06,7.21,6.99,-13.19
33418,0.22,0.06,6.9,7.05,-12.98
33428,0.22,0.13,6.46,7.38,-13.19
33437,0.31,0.12,7.63,6.5,-12.98
33447,-0.04,0.1,7.36,6.68,-12.98
33457,0.48,0.01,7.23,6.76,-13.19
33466,0.22,0.06,6.84,7.18,-13.4
33474,0.22,0.11,6.92,6.79,-12.77
33483,0.31,0.09,7.34,6.81,-12.98
33492,0.31,0.06,7.24,6.71,-12.77
33501,0.04,0.02,6.97,6.91,-13.4
33509,0.13,0.12,6.33,7.32,-13.19
33519,0.31,0.11,7.48,6.5,-13.4
33529,0.31,0.12,7.4,6.73,-13.4
33538,0.31,0.08,7.49,6.62,-13.4
33548,0.31,0,7.28,6.78,-13.82
33557,0.31,0.1,6.74,7.18,-13.61
33566,0.31,0.06,7.2,6.78,-14.23
33574,0.31,0.09,7.03,6.89,-14.23
33583,0.4,0.08,7.26,6.66,-13.82
33592,0.31,0.05,6.94,7.13,-14.44
33601,-0.4,0.09,6.78,7.12,-13.19
33610,0.31,0.05,7.26,6.64,-13.82
33619,0.4,0.12,6.78,7.21,-13.61
33628,0.48,0.09,7.35,6.72,-13.61
33638,0.4,0.06,7.12,6.9,-13.82
33647,0.48,0.13,7.09,6.92,-14.44
33657,0.48,0.07,7.23,6.74,-14.44
33666,0.4,0.12,6.58,7.35,-14.65
33675,0.57,0.11,6.64,7.08,-14.23
33684,0.4,0.1,7.27,6.69,-14.23
33694,0.31,0.14,6.87,7.1,-14.65
33703,0.4,0.1,7.34,6.64,-14.23
33711,0.48,0.11,7.09,6.88,-14.44
33720,0.48,0.08,7.34,6.69,-14.65
33730,0.31,0.1,6.72,7.1,-14.65
33740,-0.04,0.12,7.29,6.63,-14.23
33749,0.4,0.04,7.4,6.76,-15.28
33758,0.48,0.1,7.01,7.05,-14.86
33767,0.4,0.1,6.73,7.3,-14.86
33776,1.19,0.08,7.48,6.55,-15.07
33785,0.48,0.13,6.81,6.98,-15.07
33795,0.57,0.08,7.78,6.46,-15.07
33804,0.48,0.09,7.44,6.62,-15.28
33813,0.48,0.05,7.44,6.71,-14.86
33823,0.48,0.01,7.41,6.77,-15.07
33832,0.48,0.02,6.5,7.22,-15.07
33841,0.48,0.05,6.9,7.22,-15.28
33850,0.48,0.14,6.85,7.17,-15.07
33860,0.48,0.11,7.46,6.82,-15.28
33870,0.48,0.07,7.22,6.79,-14.86
33878,0.22,0.1,7.18,6.81,-15.28
33888,0.48,0.05,7.09,6.89,-15.49
33898,0.04,0.07,6.94,6.9,-15.49
33909,0.48,0.12,6.9,6.85,-15.07
33917,0.48,0.05,7.55,6.73,-15.49
33927,0.57,0.14,6.79,7.04,-15.28
33936,0.48,0.08,7.41,6.66,-15.49
33946,0.48,0.05,6.47,7.48,-15.28
33954,1.01,0.12,6.54,7.53,-15.91
33964,0.57,0.17,7.13,6.88,-15.91
33973,0.57,0.2,7.63,6.5,-15.07
33982,-0.04,0.11,7.94,6.21,-15.49
33992,0.48,-0.02,6.82,7.24,-15.7
34000,0.48,0.06,6.4,7.53,-15.91
34010,0.57,0.13,7.01,7.03,-15.7
34019,0.48,0.2,6.99,6.97,-15.7
34028,0.57,0.12,7.79,6.21,-15.91
34038,0.57,0.03,7.33,6.73,-15.07
34048,0.22,0.05,7.07,6.99,-15.7
34057,0.66,0.03,6.83,6.82,-16.12
34066,0.57,0.15,6.79,7,-15.91
34076,0.31,0.09,7.98,6.12,-15.7
34084,0.75,0,7.85,6.33,-15.7
34093,0.57,0,7.03,6.98,-16.33
34103,0.48,0.05,7.03,7.01,-16.12
34112,0.48,0.07,7.05,7.01,-15.7
34121,0.22,0.03,7.36,6.75,-15.91
34130,0.66,0.07,6.65,7.11,-15.91
34140,0.57,0.07,7.36,6.56,-16.33
34149,0.66,0.1,6.83,7.2,-15.91
34158,0.66,0.1,7.62,6.39,-16.33
34166,0.57,0.06,7.68,6.41,-15.91
34176,0.48,0.02,7.29,6.6,-15.91
34185,0.57,-0.01,7.14,6.76,-16.12
34194,0.57,0.03,7.05,6.85,-15.91
34203,0.92,0.06,7.32,6.75,-15.91
34213,0.66,0.03,7.38,6.64,-15.49
34222,0.66,0.01,7.25,6.81,-16.33
34231,0.48,0.03,6.76,7.07,-15.49
34240,0.57,0.07,7.07,6.76,-15.91
34249,0.92,0.06,6.98,6.89,-15.91
34257,0.66,0.07,6.68,7.12,-16.33
34265,0.66,0.1,6.67,7.05,-16.33
34274,0.66,0.13,7.37,6.64,-16.54
34283,0.66,0.14,6.8,6.85,-16.54
34292,0.66,0.12,7.27,6.75,-16.96
34300,0.57,0.06,7.07,6.78,-16.54
34310,0.75,0.12,6.74,6.93,-16.12
34319,0.57,0.11,7.21,6.56,-16.12
34328,0.57,0.04,7.36,6.68,-16.33
34336,0.66,0.07,6.67,7.25,-16.12
34346,0.66,0.1,7.16,7.03,-15.49
34355,0.66,0.1,7.19,6.78,-16.12
34366,0.84,0.05,7.33,6.65,-16.33
34375,0.75,0.11,6.7,7.07,-16.33
34384,0.75,0.11,7.54,6.53,-16.96
34392,0.66,0.1,7.42,6.69,-16.33
34400,0.31,0.05,7.14,6.83,-17.17
34410,0.84,0.05,7.07,6.66,-16.54
34420,0.75,0.12,7.33,6.78,-16.75
34428,0.66,0.04,7.9,6.32,-16.75
34436,0.66,0.06,7.34,6.66,-16.12
34446,0.66,-0.04,7.9,6.3,-16.96
34456,0.66,0.01,6.81,7.13,-16.54
34465,0.66,0.04,6.88,6.91,-16.54
34475,0.66,-0.02,7,6.81,-16.33
34484,0.57,0.1,6.45,7.27,-16.75
34493,0.75,0.09,7.62,6.55,-16.54
34502,0.57,0.1,7.4,6.44,-16.33
34511,0.66,0.03,7.41,6.7,-16.75
34521,0.66,0.01,7,7.11,-16.54
34529,0.66,0.09,6.72,6.99,-16.96
34538,0.57,0.08,7.21,6.96,-16.96
34548,0.66,0.1,7.04,6.91,-16.96
34558,0.75,0.09,7.15,6.64,-16.75
34566,0.75,0.05,7.38,6.66,-16.54
34574,0.66,0.12,6.82,7.22,-16.75
34583,0.75,0.09,6.73,7.16,-16.96
34593,0.75,0.11,7.03,6.89,-16.54
34601,1.45,0.1,7.36,6.63,-16.96
34611,0.75,0.11,7.26,6.63,-16.75
34620,0.66,0.11,7.45,6.57,-16.96
34630,0.66,0.02,6.85,6.92,-16.96
34639,1.19,0.11,6.86,7.05,-16.33
34649,0.66,0.06,7.21,6.71,-17.17
34659,0.75,0.09,7.09,6.9,-16.54
34667,1.01,0.09,6.77,6.95,-16.75
34676,0.66,0.08,7.31,6.85,-16.96
34686,0.84,0.11,6.51,7.25,-16.54
34695,0.84,0.1,7.4,6.65,-16.96
34705,0.75,0.1,6.28,7.6,-16.96
34714,0.84,0.16,6.91,7.08,-17.17
34724,0.84,0.19,7.59,6.41,-16.54
34733,0.84,0.14,8.02,6.24,-16.75
34742,0.92,0.01,7.29,6.96,-16.75
34750,0.84,0.01,7.05,6.85,-16.75
34760,0.22,0.09,6.98,6.99,-16.96
34768,0.84,0.12,7.33,6.76,-16.96
34778,0.84,0.06,7.48,6.51,-17.17
34787,0.84,0.03,7.43,6.71,-16.54
34797,0.84,0.02,7.23,6.62,-16.96
34807,0.75,0.04,7.42,6.77,-16.54
34815,0.84,0.04,7.31,6.76,-16.33
34826,0.84,0.01,7.28,6.63,-16.54
34834,0.84,0,7.07,7.01,-16.33
34843,0.66,0.01,6.77,7.06,-16.75
34853,0.84,0.1,6.73,7.23,-16.33
34863,0.75,0.09,7.03,6.82,-16.33
34872,0.84,0.1,7.26,6.79,-16.54
34881,0.84,0.09,7.35,6.56,-16.33
34891,0.84,0.05,7.33,6.65,-16.33
34900,0.84,0.05,7.1,6.88,-16.12
34908,0.04,0.08,6.93,6.91,-16.75
34917,0.92,0.07,7.6,6.34,-15.07
34926,0.84,0.02,7.57,6.54,-16.75
34935,0.92,0.06,6.55,7.2,-16.54
34945,0.84,0.03,7.08,7.05,-16.33
34954,0.92,0.11,6.89,6.9,-16.33
34964,0.92,0.12,7.22,6.73,-16.54
34974,0.84,0.05,7.53,6.59,-16.54
34983,1.01,0.05,6.87,7.05,-16.75
34992,1.01,0.08,7.01,7.07,-16.75
35000,1.01,0.11,6.85,7.17,-16.96
35009,1.19,0.12,7.05,6.87,-16.96
35017,0.84,0.1,7.09,6.72,-16.54
35026,0.92,0.1,7.18,6.69,-16.96
35034,0.92,0.09,6.89,7.07,-16.75
35043,0.92,0.11,6.57,7.52,-16.75
35052,1.01,0.12,7.27,6.68,-16.96
35061,1.01,0.17,6.97,7.08,-16.96
35071,0.92,0.15,7.76,6.51,-16.75
35081,1.01,0.06,7.29,6.78,-16.75
35090,1.01,0.05,7.53,6.5,-17.17
35100,1.01,0.08,7.09,6.81,-16.54
35109,1.01,0.09,7.56,6.67,-16.54
35117,1.1,0.01,7.77,6.42,-16.33
35127,0.92,-0.03,6.88,6.96,-16.33
35135,1.01,0.02,7.01,6.9,-16.75
35145,0.92,0.12,6.94,7.05,-16.75
35154,0.92,0.1,7.28,6.71,-16.75
35164,1.01,0.03,7.25,6.61,-16.96
35173,1.63,0.04,6.73,7.32,-16.75
35183,0.92,0.07,7.41,6.75,-16.54
35192,1.01,0.13,6.83,7.09,-16.96
35202,1.01,0.07,7.91,6.23,-16.54
35211,1.01,0.04,7.25,6.73,-17.37
35220,0.57,0.03,7.18,6.9,-16.12
35229,1.72,0.04,6.62,7.14,-16.75
35238,1.19,0.08,6.91,7.13,-16.75
35247,0.92,0.12,6.42,7.34,-16.96
35255,0.92,0.11,7,6.91,-16.75
35264,1.01,0.14,7.06,7.01,-16.54
35274,1.1,0.12,7.48,6.66,-16.12
35283,0.92,0.13,7.53,6.54,-16.75
35293,1.01,0.07,6.98,6.76,-16.54
35303,1.01,0.02,6.59,7.16,-16.75
35312,1.01,0.14,6.35,7.22,-16.33
35322,1.1,0.17,7.03,6.89,-16.96
35332,1.1,0.14,7.6,6.5,-16.54
35342,1.01,0.12,7.31,6.79,-16.54
35350,1.1,0.04,7.22,6.62,-17.37
35359,1.19,0.09,6.72,7.07,-16.54
35367,1.1,0.11,7.21,6.86,-17.17
35377,1.1,0.12,7.1,6.88,-16.96
35385,1.01,0.08,7.54,6.42,-16.75
35395,1.1,0.04,6.95,6.97,-16.75
35405,1.19,0.09,7.14,7.12,-16.75
35415,1.19,0.09,7.76,6.44,-16.75
35423,1.54,0.04,7.45,6.62,-16.75
35433,1.1,0.04,7.2,6.69,-16.75
35441,1.28,-0.01,7.21,6.65,-16.96
35450,1.19,0.09,5.98,7.76,-16.54
35459,1.28,0.1,6.82,7.08,-16.33
35467,1.1,0.13,7.82,6.16,-16.54
35477,1.1,0.09,7.2,6.74,-16.12
35486,0.92,0.01,7.29,6.8,-16.54
35496,1.1,0.1,6.62,7.3,-16.54
35505,1.1,0.07,7.31,6.73,-16.12
35515,1.19,0.13,6.73,6.95,-16.54
35524,1.19,0.1,7.28,6.66,-16.33
35533,1.19,0.04,7.22,6.83,-16.54
35543,1.1,0.11,6.99,7.06,-16.75
35552,1.19,0.09,7.5,6.65,-16.75
35561,1.19,0.09,7.13,6.73,-16.54
35570,1.1,0.07,7.34,6.77,-16.54
35580,1.28,0.03,6.82,7.09,-16.33
35589,1.19,0.08,7.04,6.92,-16.54
35598,0.75,0.09,7.1,6.95,-14.86
35608,1.19,0.05,7.74,6.42,-16.33
35617,1.1,0.05,6.73,7.03,-16.33
35626,1.19,0.07,7.27,6.68,-16.12
35636,1.19,0.08,7.11,6.86,-16.33
35645,1.28,0.08,7.43,6.43,-15.91
35655,1.19,0.03,7.67,6.56,-15.91
35664,1.19,0,7.47,6.75,-15.91
35674,1.1,0.03,6.74,7.11,-16.12
35683,0.57,0.02,7.13,6.7,-15.91
35692,1.19,0.1,6.88,7.24,-16.12
35700,1.1,0.07,7.31,6.57,-16.12
35710,1.8,0.06,7.07,6.96,-16.12
35718,1.1,0.08,6.84,6.76,-16.12
35728,1.19,0.1,7.43,6.64,-16.12
35737,1.19,0.09,7.02,6.88,-15.28
35748,1.1,-0.03,7.87,6.36,-15.7
35757,1.19,0.07,6.8,7.2,-15.28
35766,1.19,0.06,8.01,6.05,-15.49
35776,1.19,-0.02,7.37,6.6,-15.91
35786,1.19,0.02,7,6.74,-15.91
35795,1.1,-0.01,7.1,6.9,-15.49
35804,0.92,0.03,7.29,6.72,-15.49
35814,1.1,0.04,7.54,6.45,-15.7
35824,1.28,0.01,7.27,6.71,-15.49
35833,1.1,-0.02,7.1,6.84,-15.7
35843,1.45,0.04,6.55,7.17,-15.28
35851,1.1,0.06,7.39,6.58,-15.49
35861,1.1,0.06,6.92,6.93,-15.7
35870,1.1,0.09,7.01,6.9,-15.7
35879,1.01,0.05,7.85,6.42,-15.7
35889,1.1,0.06,7.37,6.76,-15.28
35898,1.01,0.02,6.94,6.94,-15.28
35907,1.1,0,7.28,6.82,-15.49
35917,1.1,0.09,7.02,6.89,-15.7
35926,1.45,0.1,6.98,6.96,-15.49
35935,1.54,0.03,8.07,6.2,-15.28
35944,1.1,0.02,6.79,7.13,-14.86
35953,1.1,0.01,7.32,6.79,-15.07
35963,1.19,0.03,6.86,7.13,-15.07
35972,1.01,0.11,6.67,7.19,-14.65
35982,1.1,0.08,7.64,6.44,-14.86
35991,1.1,0.06,7.55,6.59,-15.07
36000,1.1,0.03,7.42,6.61,-15.07
36009,1.1,0.02,7.04,6.9,-14.86
36019,1.1,0.05,6.48,7.37,-14.86
36028,1.19,0.11,7.35,6.66,-14.65
36038,1.1,0.09,7.19,6.92,-15.07
36048,1.1,0.05,7.41,6.58,-15.07
36058,1.1,0.09,6.82,7.05,-14.23
36067,1.1,0.02,7.64,6.44,-14.65
36075,1.1,0.04,7.19,6.79,-14.44
36084,1.19,0.06,6.87,6.98,-14.86
36094,1.36,0.05,7.37,6.67,-14.44
36102,1.1,0.03,7.32,6.65,-14.65
36111,1.01,0.07,6.8,7.02,-14.86
36121,1.01,0.06,7.13,6.65,-14.03
36131,1.36,0.01,7.59,6.46,-14.86
36140,1.1,0.09,6.81,7.11,-14.65
36149,1.01,0.04,7.85,6.23,-14.44
36159,1.1,0,7.25,6.68,-14.44
36168,1.19,0,6.97,7.01,-14.03
36176,1.1,0,7.23,6.81,-14.44
36185,1.1,0.07,6.67,7.3,-14.44
36195,0.75,0.08,7.2,6.75,-14.44
36204,1.19,0.06,7.21,6.83,-14.86
36215,1.1,0.12,7.2,6.79,-14.44
36224,1.1,0.06,7.74,6.3,-14.03
36233,0.92,-0.03,7.87,6.36,-13.82
36243,1.36,-0.01,6.75,7.18,-14.03
36252,1.1,0.02,6.78,6.96,-14.03
36261,1.1,0.06,6.75,7.09,-14.23
36269,1.1,0.09,7.26,6.67,-14.23
36277,1.01,0.08,7.18,6.68,-14.03
36285,1.1,0.07,6.9,6.88,-14.03
36294,0.92,0.06,7.23,6.84,-14.03
36302,1.01,0.08,6.94,6.85,-13.61
36309,1.36,0.07,7.48,6.52,-14.03
36317,1.1,0.09,7.56,6.47,-14.23
36325,1.1,0.05,7.46,6.52,-13.4
36333,1.1,0.02,7.52,6.71,-14.86
36341,1.19,0.01,6.84,7.06,-14.03
36349,1.1,0.04,6.95,6.94,-14.03
36357,1.01,0.1,7.06,6.95,-14.03
36365,1.1,0.08,7.32,6.65,-14.03
36374,0.84,0.06,7.46,6.53,-14.03
36382,1.19,0.03,7.31,6.73,-14.03
36390,1.19,0.06,6.87,7,-14.03
36398,1.19,0.05,7.19,6.69,-13.4
36407,1.01,0.03,7.41,6.65,-14.23
36415,1.19,0.06,7.13,6.91,-14.03
36423,1.19,0.07,7.5,6.61,-14.03
36431,1.19,0.05,7.24,6.87,-13.82
36439,1.1,0.03,7.58,6.6,-13.4
36447,1.1,0.01,7.22,6.7,-13.19
36456,1.19,-0.03,7.17,6.76,-13.82
36464,1.01,0.03,6.74,7.04,-13.4
36472,1.01,0.09,7.12,6.81,-13.19
36480,1.36,0.09,7.33,6.56,-13.4
36488,1.1,-0.01,7.64,6.46,-13.19
36497,1.1,0.02,6.95,6.85,-13.4
36505,0.48,0.06,6.58,7.34,-13.19
36513,1.01,0.08,6.95,6.92,-13.61
36521,1.01,0.09,7.24,6.65,-13.61
36529,1.45,0.09,7.1,6.9,-13.4
36537,0.48,0.09,7.17,6.87,-13.61
36546,1.19,0.09,7.25,6.87,-13.82
36554,1.1,0.08,7.26,6.74,-13.4
36562,1.1,0.04,7.01,6.7,-13.4
36570,1.1,0.08,7.07,6.96,-13.61
36578,1.19,0.09,7.43,6.6,-13.61
36586,1.19,0.1,7.54,6.58,-13.61
36594,1.19,0.01,7.43,6.52,-12.98
36603,1.1,0.04,6.97,7.09,-12.56
36611,1.28,0.01,7.59,6.51,-12.77
36619,1.19,0.04,6.91,6.97,-13.4
36629,1.1,0.04,7.13,6.86,-13.61
36637,1.1,0.11,6.96,6.9,-13.61
36647,1.28,0.07,7.43,6.53,-13.19
36656,1.19,0.04,7.62,6.57,-13.4
36665,1.1,0.04,7,7.09,-13.4
36674,1.1,-0.01,7.76,6.36,-12.56
36684,1.1,0.04,7.16,6.82,-12.14
36694,1.1,-0.03,7.79,6.26,-12.56
36703,1.1,-0.07,7.17,6.99,-12.56
36712,1.1,0.02,6.71,7.13,-12.35
36722,1.19,0.04,7.53,6.6,-12.56
36732,1.01,0.01,7.33,6.69,-12.35
36742,1.01,0.03,7.24,6.81,-12.35
36751,1.1,-0.01,7.5,6.53,-12.56
36759,1.28,0.03,7.13,6.96,-12.56
36768,0.92,0.02,7.29,6.65,-12.77
36778,1.01,0.02,7.14,6.78,-12.98
36787,1.01,0.05,7.08,6.83,-11.93
36795,1.01,0.01,7.36,6.65,-12.14
36805,1.01,0.01,7.13,6.86,-12.14
36815,1.01,0.03,6.95,7.06,-12.35
36824,1.01,0.07,7.03,6.87,-12.98
36834,1.01,0.11,7.27,6.76,-12.77
36843,1.19,0.04,7.66,6.44,-12.56
36852,1.01,0.02,7.16,6.77,-12.77
36861,1.01,0.02,6.99,6.88,-12.56
36870,1.01,0.04,6.89,7.02,-12.35
36880,1.01,0.06,7.01,6.95,-12.35
36888,1.01,0.06,7.07,6.92,-11.93
36898,1.01,0.06,7.42,6.75,-12.56
36908,1.01,0.06,7.18,6.71,-12.35
36917,1.1,0.08,7.07,6.97,-12.35
36926,1.01,0.04,74,6.69,-12.35
37015,0.92,0.1,6.87,6.96,-12.14
37024,1.1,-0.14,9.1,5.35,-11.93
37033,0.75,-0.25,7.01,7.05,-11.09
37042,0.92,-0.18,6.71,7.17,-11.51
37051,1.01,0.02,6.14,7.6,-11.3
37061,0.92,0.07,7.38,6.56,-11.72
37070,0.92,-0.03,7.76,6.29,-11.72
37080,1.01,0.02,6.96,7.03,-11.51
37089,0.92,-0.01,7.33,6.64,-11.09
37099,0.92,-0.01,7.14,6.76,-11.09
37109,0.84,0.04,6.91,7.07,-10.89
37118,1.45,-0.01,7.54,6.5,-11.72
37127,0.92,0.06,6.64,7.2,-11.93
37136,0.92,0.06,7.26,6.74,-11.09
37146,0.84,0.03,7.5,6.5,-11.09
37155,1.63,0.04,6.99,6.95,-11.09
37164,1.36,-0.02,7.32,6.71,-11.51
37174,0.92,0.09,6.67,7.13,-10.89
37183,0.92,0.05,7.26,6.53,-11.72
37193,0.92,0.05,6.71,7.16,-10.68
37202,1.01,0.07,7.36,6.62,-10.89
37212,0.92,0.02,7.06,6.84,-10.89
37221,0.92,0.08,7.01,6.98,-11.3
37230,0.84,0.08,7.27,6.62,-11.3
37238,0.92,0.08,7.31,6.74,-10.89
37248,1.1,0.03,7.48,6.64,-10.89
37256,1.1,-0.01,7.19,6.72,-10.89
37265,0.92,0.06,6.81,7.03,-11.51
37273,0.84,0.07,6.97,6.93,-10.68
37283,1.01,0.05,7.3,6.71,-10.89
37293,0.92,0.05,6.75,7.05,-11.3
37301,1.45,0.07,7.21,6.69,-11.3
37311,0.84,0.13,6.88,7.1,-10.47
37321,0.92,0.04,8.03,6.09,-11.51
37330,1.01,0.06,6.85,7.15,-10.89
37338,0.92,0.01,7.26,6.8,-10.89
37348,0.92,0.06,6.59,7.16,-10.89
37358,1.01,0.08,7.1,6.83,-10.47
37368,0.57,0.04,7.33,6.68,-10.47
37377,0.92,0.06,7.06,6.86,-10.89
37385,0.92,0.06,7.03,6.85,-11.3
37395,0.92,0.09,6.78,7.23,-11.09
37403,1.01,0.1,7.13,6.8,-11.3
37413,0.92,0.08,7.14,6.84,-10.68
37422,0.92,0.06,7.25,6.71,-11.09
37432,0.22,0.07,6.86,6.99,-10.05
37440,1.45,0.07,7.39,6.66,-10.68
37450,1.01,0.04,7.27,6.67,-10.89
37460,1.19,0.05,7.06,6.92,-10.89
37468,1.01,0.06,7.42,6.67,-10.68
37476,1.01,0.05,7.12,6.7,-10.68
37485,0.92,0,7.08,6.82,-11.09
37495,1.01,0.09,6.67,7.17,-11.51
37504,1.1,0.13,7.07,6.79,-10.89
37512,1.01,0.07,7.88,6.25,-10.47
37522,1.01,0.01,7.55,6.59,-11.3
37532,1.01,0,6.96,7.04,-10.68
37541,1.1,0.04,6.84,7.01,-10.47
37551,0.92,0.04,7.03,6.95,-10.47
37561,0.92,0.05,7.07,6.81,-10.26
37569,1.01,0.03,7.26,6.83,-9.84
37578,0.84,0.05,6.98,6.99,-10.47
37588,1.01,0.1,7.18,6.78,-10.05
37597,1.01,0.05,7.46,6.62,-10.26
37606,0.92,0.02,7.07,6.93,-10.26
37614,0.92,0.05,6.97,6.82,-9.84
37624,0.92,0.04,7.36,6.65,-10.05
37635,1.1,0.04,7.23,6.88,-10.47
37643,1.01,0.06,7.12,6.8,-10.05
37652,1.01,0.05,7.36,6.62,-10.26
37661,0.92,0.03,7.22,6.77,-9.84
37670,1.1,0.02,7.23,6.76,-10.26
37678,0.75,0.04,6.88,7,-10.26
37688,0.84,0.05,7,6.96,-9.84
37697,1.01,0.05,7.19,6.9,-10.26
37707,0.66,0.08,6.92,6.89,-10.47
37716,1.01,0.07,7.21,6.79,-10.26
37725,0.92,0.06,7.42,6.63,-10.26
37734,1.01,0.05,7.18,6.84,-10.47
37744,1.01,0.03,7.11,6.9,-10.26
37753,0.92,0.07,6.84,7.02,-10.05
37763,0.92,0.06,7.41,6.6,-9.84
37771,0.92,0.04,7.22,6.75,-10.05
37779,0.92,0.04,7.2,6.79,-9.42
37788,1.01,0.02,7.43,6.62,-9.63
37796,0.92,0.03,7.15,6.8,-9.84
37806,0.92,-0.01,7.2,6.75,-9.63
37816,0.92,0.06,7.11,6.97,-9.63
37826,0.92,0.05,7.37,6.54,-10.26
37835,0.92,0.02,7.2,6.85,-9.84
37844,0.84,0.02,7.1,6.79,-8.16
37852,1.01,-0.03,7.58,6.5,-9.63
37862,0.92,0.03,6.82,7.25,-9.63
37870,0.84,0.06,7.15,6.74,-9.21
37879,0.92,0.03,7.8,6.26,-9.84
37888,0.92,0.01,7.57,6.49,-9.42
37898,0.84,-0.03,7.22,6.78,-9.21
37908,1.01,-0.04,7.46,6.47,-9.84
37918,0.84,0.01,6.58,7.28,-9.63
37927,0.84,0.04,7.5,6.72,-9
37936,0.84,0.03,7.48,6.54,-9.63
37945,0.75,-0.01,7.14,6.82,-9.21
37954,0.04,-0.02,7.15,6.88,-9.21
37963,0.84,0.03,6.65,7.1,-9.42
37972,0.84,0.07,7.17,6.89,-9.42
37981,0.92,0.1,7.22,6.71,-8.58
37990,0.84,-0.01,7.79,6.29,-9.42
38000,0.84,0.01,6.37,7.34,-9.42
38009,1.54,0.09,6.98,6.92,-9.63
38018,0.84,0.08,7.38,6.6,-9.63
38026,0.75,0.07,7.36,6.65,-9.21
38035,0.84,0.02,7.81,6.34,-8.79
38045,0.75,-0.03,7.31,6.73,-9.42
38054,0.75,0.01,6.95,6.93,-9.42
38064,0.75,0.01,6.98,6.95,-9
38073,0.75,0.04,7.03,6.98,-9
38082,0.75,0.08,6.91,6.96,-9
38093,0.75,0,7.49,6.59,-9
38102,0.84,0.06,6.88,6.99,-9.21
38111,0.75,0.07,7.23,6.74,-9.63
38119,0.75,0.08,7.1,6.86,-8.58
38129,0.75,-0.01,7.41,6.58,-8.79
38139,0.75,0.02,6.73,7.13,-8.58
38149,0.84,0.07,7.04,6.89,-9.21
38158,0.75,0.06,7.29,6.83,-8.58
38168,0.75,0.08,7.43,6.63,-8.37
38177,0.75,-0.02,7.54,6.51,-9
38186,0.75,0.03,6.77,7.05,-9
38195,0.66,0.05,6.79,7.09,-8.79
38205,0.75,0.04,7.18,6.93,-8.79
38214,0.57,0.09,7.19,6.83,-8.79
38223,1.1,0.06,7.38,6.62,-7.75
38232,0.75,0.04,7.36,6.67,-8.58
38241,0.4,-0.01,7.3,6.68,-8.37
38250,0.75,0.01,6.9,7.07,-8.79
38259,0.75,0.08,6.77,7.07,-8.58
38268,0.75,0.07,7.14,6.84,-8.58
38277,0.84,0.07,7.07,6.81,-8.37
38285,0.75,0.04,7.2,6.72,-8.58
38294,0.75,0.06,6.77,7.2,-8.37
38304,0.75,0.08,7.14,6.88,-8.37
38313,0.75,0.06,7.13,6.84,-8.79
38322,0.75,0.09,6.96,6.99,-8.79
38331,0.84,0.09,7.42,6.66,-8.58
38341,0.84,0.04,7.37,6.7,-8.79
38351,0.84,0.05,6.84,7.14,-8.58
38360,0.75,0.07,7.29,6.74,-8.79
38369,0.84,0.06,7.17,6.78,-8.58
38379,0.75,0.05,7.41,6.63,-8.79
38387,0.84,0.03,7.28,6.72,-9
38396,0.75,0.01,7.37,6.67,-8.79
38406,0.84,0.06,6.99,6.96,-8.37
38415,1.54,0.02,7.29,6.73,-8.16
38425,0.84,-0.01,7.07,6.86,-8.79
38434,0.75,0.07,6.66,7.19,-8.58
38443,0.75,0.06,7.83,6.33,-8.16
38451,0.75,0.06,6.92,6.88,-8.37
38461,1.28,-0.01,7.5,6.51,-8.58
38469,0.75,0.04,6.9,7.1,-8.16
38479,0.75,0.04,7.02,6.82,-8.37
38487,0.84,0.04,7.06,6.79,-7.95
38497,0.75,0.04,7.32,6.76,-7.75
38506,0.75,-0.01,7.09,6.95,-7.95
38516,0.57,0.06,6.89,6.93,-8.37
38525,0.75,0.07,7.15,6.87,-7.95
38533,0.66,0.05,7.34,6.73,-8.37
38543,0.57,0.09,6.77,7.11,-7.54
38553,1.1,0.02,7.75,6.35,-8.16
38561,0.75,0.02,6.91,7.06,-8.37
38570,0.84,0.07,6.57,7.29,-7.95
38580,1.1,0.06,7.48,6.53,-8.16
38589,1.54,0.06,7.25,6.73,-7.95
38599,0.75,0.04,7.37,6.61,-8.16
38609,0.75,0.02,7.43,6.63,-8.37
38618,0.75,0.01,7.09,6.81,-8.16
38628,0.66,0.02,7.21,6.78,-7.95
38636,0.66,0.01,7.27,6.69,-7.95
38646,1.19,0,7.21,6.79,-8.16
38656,0.66,0.03,6.88,7.07,-7.95
38665,0.84,0.04,7.16,6.77,-7.95
38675,0.75,0.04,7.15,6.83,-8.58
38684,0.75,0.07,6.98,6.96,-8.37
38694,0.75,0.07,7.42,6.65,-8.16
38702,0.75,0.04,7.34,6.79,-7.95
38712,0.13,0,7.26,6.75,-7.54
38721,0.75,0,7.04,6.98,-7.95
38729,0.66,0.06,7.01,6.91,-7.75
38738,0.75,0.06,7.24,6.81,-7.95
38748,1.45,0.02,7.16,6.71,-8.16
38757,0.66,0.06,6.82,7.02,-7.95
38767,0.66,0.05,7.32,6.71,-8.16
38777,0.13,0.06,7.06,6.89,-7.95
38786,0.66,0.05,7.21,6.64,-7.95
38795,0.66,0.04,7.21,6.77,-7.95
38804,0.66,0.02,7.16,6.79,-7.95
38813,0.66,0.02,7,6.91,-7.95
38823,0.66,0.08,6.87,6.98,-7.95
38833,0.57,0.06,7.57,6.59,-7.95
38843,0.57,0.02,7.64,6.51,-7.95
38852,0.92,0,7.15,6.88,-7.75
38862,0.66,-0.02,7.28,6.77,-7.75
38870,0.75,0.01,6.97,6.91,-7.95
38879,0.66,0.04,6.94,6.94,-7.33
38887,0.66,0.04,7.41,6.71,-7.75
38897,0.4,0.04,6.97,6.93,-7.95
38907,0.75,0.02,7.13,6.85,-7.75
38916,0.57,0.05,7.11,6.85,-7.75
38926,0.66,0.06,7.32,6.66,-8.16
38935,0.66,0.02,7.2,6.87,-7.54
38944,0.4,0.02,7.1,6.86,-7.95
38953,0.66,0.04,6.95,6.95,-8.16
38961,0.92,0.08,6.98,7.01,-7.54
38970,0.75,0.05,7.34,6.64,-8.37
38980,0.66,0.07,6.6,7.33,-7.75
38989,0.57,0.05,7.46,6.52,-8.58
38999,0.66,0.09,6.82,7.05,-7.95
39009,0.57,0.08,7.25,6.77,-7.95
39019,0.66,0.02,7.45,6.63,-7.95
39028,0.66,0.08,6.56,7.27,-7.75
39036,0.75,0.05,7.31,6.7,-7.95
39045,0.66,0.06,7.31,6.79,-8.16
39054,0.75,0.08,7.24,6.68,-8.16
39064,0.66,0.03,7.54,6.6,-7.95
39073,0.75,0.04,7.05,6.86,-7.33
39082,0.57,-0.04,7.21,6.65,-7.95
39092,0.66,0.06,6.24,7.48,-8.16
39101,1.1,0.08,7.22,6.71,-7.95
39110,0.31,0.08,7.08,6.94,-7.95
39119,0.57,0.09,7.12,6.84,-7.95
39128,0.57,0.05,7.41,6.54,-7.95
39137,0.75,0.05,7.03,6.77,-8.37
39146,0.57,0.06,7.23,6.81,-7.95
39155,0.66,0.01,7.17,6.78,-7.95
39165,0.48,0.05,6.78,7.09,-7.54
39173,0.66,0.05,7.1,6.78,-7.95
39182,0.66,0.08,7.08,6.9,-7.95
39192,1.36,0.05,7.39,6.69,-7.95
39202,0.66,0.01,7.15,6.86,-7.95
39211,0.57,0.08,6.65,7.19,-7.95
39220,0.66,0.1,7.27,6.69,-7.95
39228,0.48,0.05,7.66,6.45,-7.54
39237,0.75,0.02,7.19,6.77,-7.95
39246,0.66,0.04,6.92,6.97,-7.95
39255,0.84,0.04,7.32,6.75,-7.95
39264,0.66,0.05,6.93,6.77,-7.95
39273,0.84,0.02,7.58,6.66,-7.75
39283,1.45,0.03,6.95,6.9,-7.95
39292,0.75,0.04,7.09,6.86,-7.33
39301,0.75,0,7.21,6.78,-7.75
39311,0.57,0.06,6.77,7.16,-8.58
39319,0.66,0.08,6.96,6.9,-7.95
39327,0.66,0.09,7.32,6.68,-7.95
39336,0.57,0.06,7.33,6.73,-8.37
39344,0.66,0.04,7.11,6.89,-7.95
39352,0.57,0.08,6.99,6.94,-8.37
39362,0.31,0.06,7.51,6.48,-8.16
39371,0.66,0.02,7.42,6.58,-7.95
39379,0.57,0.02,7.01,6.97,-8.16
39388,0.75,0.02,6.84,7.04,-8.16
39397,0.66,0.07,6.99,6.93,-8.16
39407,0.66,0.07,7.13,6.9,-8.37
39415,0.66,0.08,7.33,6.76,-8.16
39425,0.66,0.01,7.5,6.5,-8.37
39434,0.66,0.03,6.9,7.01,-8.16
39442,0.66,0.04,6.99,6.9,-8.16
39451,-0.04,0.06,7,6.93,-8.37
39461,1.1,0.12,7.12,6.88,-8.16
39471,0.66,0.01,7.53,6.58,-8.16
39480,0.66,0.05,6.87,6.96,-8.16
39489,0.48,0.04,7.29,6.74,-8.16
39499,0.66,0,7.37,6.72,-7.95
39509,0.84,0.06,6.82,7.1,-8.16
39518,0.57,0.05,7.37,6.67,-8.37
39526,0.66,0.05,7.3,6.69,-8.16
39535,0.66,0.01,7.17,6.79,-7.75
39545,0.57,0.04,7.02,6.99,-8.37
39554,0.66,0.05,7.04,6.87,-7.95
39564,0.57,0.04,7.19,6.86,-8.37
39572,0.66,0.05,7.02,6.9,-8.37
39582,0.66,0.09,7.23,6.78,-8.58
39592,1.19,0.05,7.29,6.73,-7.75
39602,0.66,0.01,7.32,6.77,-8.16
39612,0.66,0.01,7.13,6.91,-8.16
39620,0.57,0.06,6.77,7.07,-8.16
39629,0.57,0.05,7.24,6.72,-7.75
39639,0.57,0.04,7.33,6.72,-8.58
39649,0.57,0.07,6.81,7.11,-8.16
39658,0.66,0.06,7.18,6.83,-8.16
39668,0.66,0.03,7.28,6.81,-8.16
39678,0.66,0.07,6.9,7.02,-7.95
39686,0.66,0.03,7.35,6.72,-8.37
39695,0.48,0.07,7.05,6.84,-7.54
39703,1.19,0.05,7.48,6.6,-7.54
39713,0.57,-0.01,7.3,6.76,-8.37
39722,0.57,0.04,6.43,7.36,-7.95
39730,1.1,0.08,6.7,7.22,-7.95
39740,0.66,0.14,7.15,6.86,-8.58
39750,0.66,0.09,7.92,6.23,-8.16
39758,0.57,0.03,7.56,6.54,-8.16
39766,0.57,-0.02,7.31,6.67,-8.16
39776,0.57,0.02,7.07,6.92,-7.75
39785,0.66,0.03,7.32,6.65,-7.95
39795,0.04,-0.02,7.41,6.68,-8.37
39803,0.66,0.02,6.94,7,-7.95
39813,0.57,0.02,7.34,6.76,-8.58
39821,0.57,0.03,7.02,6.98,-8.16
39830,0.57,0.05,6.81,6.99,-8.58
39840,0.57,0.07,7.03,6.97,-8.37
39850,0.57,0.1,7.05,6.91,-8.58
39859,0.57,0.03,7.15,6.74,-8.79
39868,0.13,0.09,6.62,7.32,-8.37
39878,0.57,0.06,7.45,6.44,-8.58
39887,0.57,0.07,7,6.9,-8.16
39895,0.66,0.06,7.1,6.85,-8.16
39904,0.57,0.04,7.11,6.77,-7.95
39913,1.28,0.07,6.95,7.01,-8.58
39923,0.66,0.09,7.04,6.97,-8.37
39933,0.57,0.07,7.45,6.6,-8.16
39941,0.66,0.04,7.37,6.68,-8.37
39951,0.57,0.05,7.04,6.91,-7.75
39961,0.66,0,7.36,6.58,-8.16
39970,0.66,0.04,6.96,6.97,-7.95
39980,1.28,0.04,7.13,6.88,-8.16
39989,0.75,0.01,7.35,6.77,-8.58
39998,0.48,0.09,6.79,7.08,-8.37
40008,0.57,0.05,7.43,6.55,-8.16
40018,0.31,0,7.1,6.79,-8.37
40027,0.4,0.06,6.74,7.08,-8.37
40036,0.57,0.05,7.35,6.73,-8.37
40045,0.57,0.08,7.11,6.91,-8.16
40053,0.57,0.02,7.43,6.51,-8.16
40062,0.75,0.04,7.01,6.97,-8.37
40071,0.66,0.04,7.05,6.85,-8.16
40081,0.57,0.02,7.24,6.74,-7.95
40090,0.57,0.08,6.84,7.01,-8.37
40099,0.57,0.06,7.36,6.63,-7.54
40108,0.57,0.01,7.27,6.78,-8.16
40118,0.66,0.05,6.76,7.16,-8.16
40128,0.66,0.06,7.24,6.86,-8.16
40136,0.75,0.07,7.01,7,-8.16
40146,0.57,0.05,7.28,6.66,-8.16
40155,0.57,0.05,6.84,6.95,-8.16
40165,0.57,0.06,6.96,7.02,-8.16
40174,0.66,0.08,6.89,6.93,-8.16
40184,0.57,0.1,7.1,6.9,-8.16
40194,0.57,0.07,7.31,6.63,-7.95
40203,0.66,0.05,7.28,6.73,-8.37
40211,0.66,0.05,7.06,6.85,-7.95
40220,0.66,0.05,7.11,6.91,-8.37
40228,0.66,0.05,7.17,6.68,-8.37
40238,-0.04,0.06,6.87,6.89,-8.79
40247,0.75,0.09,7,6.86,-8.37
40256,0.66,0.08,7.3,6.74,-8.37
40264,0.66,0.05,7.31,6.73,-8.58
40272,0.57,0.01,7.07,6.74,-8.37
40281,0.22,0.05,6.83,7.05,-8.37
40290,0.66,0.11,6.95,6.96,-8.16
40300,0.66,0.03,7.67,6.45,-8.79
40308,0.66,0.07,6.64,7.15,-8.58
40318,0.75,0.06,7.31,6.75,-8.37
40327,0.92,0.03,7.18,6.76,-8.37
40336,0.57,0.07,6.85,7,-8.37
40345,0.57,0.06,7.24,6.74,-8.16
40355,0.84,0.05,7.46,6.6,-8.58
40364,0.66,0.02,7.01,6.78,-8.16
40373,0.66,0.03,7.05,6.85,-7.95
40383,0.66,0.05,7.19,6.79,-8.37
40394,-0.13,0.04,7.13,6.83,-8.37
40403,0.66,0.04,7.12,6.78,-8.37
40412,0.66,0.04,7.17,6.8,-8.16
40422,0.57,0.03,7.13,6.87,-7.75
40432,0.57,0.03,7.15,6.87,-8.16
40440,0.57,0.04,7.07,6.85,-8.58
40449,0.57,0.09,7.01,6.91,-8.37
40459,0.57,0.1,7.44,6.56,-8.58
40468,0.66,0,7.49,6.57,-7.75
40477,0.57,-0.03,7.16,6.82,-7.95
40485,0.57,0,6.63,7.2,-8.79
40495,0.57,0.1,6.94,7.05,-8.16
40503,0.57,0.11,7.3,6.65,-8.16
40513,0.75,0.04,7.42,6.69,-8.16
40522,0.31,-0.01,7.04,7.02,-8.58
40532,0.48,0.08,6.55,7.24,-7.95
40542,0.57,0.1,7.74,6.39,-8.37
40551,0.66,0.03,7.33,6.63,-8.37
40561,0.66,0.03,6.98,6.9,-8.58
40570,0.57,0.04,6.95,6.92,-8.16
40579,0.22,0.04,7.25,6.72,-8.16
40589,0.57,0.06,7.09,6.87,-8.37
40598,0.57,0.03,7.27,6.65,-8.16
40608,0.84,0.06,6.96,6.95,-8.37
40618,0.57,0.04,7.28,6.72,-8.58
40627,0.57,0.06,6.98,6.97,-8.16
40636,0.57,0.04,7.3,6.72,-7.95
40645,0.48,0.02,7.3,6.8,-7.75
40653,0.57,0,7.11,6.74,-8.58
40663,0.48,0.08,6.55,7.29,-8.37
40671,0.66,0.11,7.1,6.79,-7.95
40680,-0.04,0.04,7.64,6.42,-8.37
40690,0.57,0.03,7.1,6.83,-8.16
40700,0.92,0.04,7.24,6.67,-8.37
40709,0.48,0.02,7.28,6.7,-7.54
40718,0.57,0,7.27,6.67,-7.75
40728,0.57,0.04,6.93,7.08,-8.16
40737,0.48,0.03,7.19,6.79,-8.37
40747,0.57,0.04,7.1,6.96,-7.95
40755,0.48,0.05,7.08,6.84,-7.95
40766,0.48,0.03,7.27,6.76,-7.75
40775,0.48,0.02,7.11,6.96,-7.75
40785,0.48,0.05,7.06,6.9,-8.16
40795,0.48,0.05,7.23,6.72,-8.16
40803,0.57,0.06,7.29,6.81,-7.95
40813,0.48,0.02,7.37,6.61,-8.16
40821,0.48,0.02,7.06,6.92,-7.95
40831,0.31,0.03,7.12,6.88,-7.75
40840,0.48,0.02,7.15,6.93,-8.37
40849,0.48,0.08,7.03,6.92,-7.95
40859,0.57,0.06,7.43,6.47,-7.95
40868,0.57,-0.01,7.57,6.49,-7.75
40878,0.48,0.04,6.4,7.36,-7.95
40887,0.48,0,7.25,6.78,-8.37
40896,0.57,0.11,6.08,7.7,-7.75
40905,0.48,0.09,7.13,6.86,-7.75
40914,0.57,0.11,7.43,6.54,-7.95
40922,0.57,0.1,7.09,6.8,-8.37
40931,0.75,0.07,7.3,6.7,-8.16
40941,0.57,0.05,6.9,6.91,-8.16
40950,0.75,0.05,7.29,6.8,-7.95
40959,0.57,0.05,7.24,6.84,-7.95
40968,0.66,0.05,7.13,6.86,-8.16
40978,0.57,0.04,7.24,6.75,-7.95
40987,0.66,0.07,6.94,6.96,-7.95
40995,0.57,0.03,7.32,6.76,-7.75
41004,0.13,0.06,7.12,6.89,-7.95
41013,0.57,0.03,7.23,6.62,-8.58
41022,-0.13,0.06,6.92,7.19,-8.37
41030,0.75,0.06,7.22,6.76,-7.95
41040,0.66,0.05,7.19,6.8,-8.58
41049,0.66,0.07,7.12,6.87,-7.95
41059,0.4,0.02,7.27,6.7,-8.16
41068,0.66,0.06,7.14,6.84,-8.16
41078,0.57,0.05,7.25,6.73,-8.16
41086,0.66,0,7.32,6.76,-8.16
41095,0.66,0.03,6.82,7.05,-8.16
41104,0.66,0.07,7.03,6.97,-7.75
41113,0.57,0.06,7.42,6.58,-8.16
41122,0.57,0.03,7.37,6.74,-8.79
41131,0.48,0.05,7.07,6.92,-7.95
41141,0.66,0.05,7.39,6.69,-8.37
41150,0.84,-0.01,7.23,6.83,-8.16
41159,0.57,0.06,6.76,7.12,-7.95
41169,0.57,0.02,7.44,6.52,-7.54
41178,0.48,0.03,7.03,6.96,-8.16
41187,0.48,0.07,7,6.91,-7.54
41196,1.01,0.03,7.38,6.62,-8.16
41205,0.57,0.05,6.99,6.92,-7.95
41215,0.48,0.04,7.11,6.75,-8.37
41224,0.57,0.05,6.98,7.01,-7.95
41233,0.4,0.06,7.15,6.8,-7.75
41241,0.48,0.02,7.46,6.59,-7.75
41250,0.48,0.02,7.12,6.95,-7.95
41260,0.48,0.03,7.17,6.81,-8.58
41269,0.57,0.1,7.14,6.83,-8.16
41278,0.48,0.06,7.99,6.1,-8.16
41286,0.48,-0.03,7.7,6.41,-7.75
41296,0.4,-0.05,6.75,7.11,-7.75
41305,0.4,-0.05,7.4,6.76,-8.16
41316,0.66,0.08,6.38,7.44,-7.75
41325,0.57,0.04,7.74,6.39,-8.16
41335,0.66,0.05,7.02,6.99,-7.95
41344,0.48,0.04,7.12,6.68,-8.16
41353,0.22,-0.02,6.95,6.99,-8.16
41363,0.48,0.14,6.45,7.22,-7.95
41371,0.57,0.05,7.74,6.33,-8.37
41381,0.4,0.07,6.76,7.2,-8.58
41390,-0.04,0.07,7.07,6.81,-8.16
41400,0.48,0.05,7.17,6.78,-7.75
41409,0.57,0.07,7.05,7,-7.75
41419,0.57,0.02,7.14,6.86,-8.37
41428,0.57,0.13,6.52,7.33,-7.95
41437,0.57,0.07,7.65,6.38,-7.95
41446,0.48,0.05,7,7.01,-8.16
41454,0.57,0.04,6.94,7.04,-7.95
41464,0.4,0.09,7.14,6.92,-7.75
41472,0.75,0.12,7.08,6.93,-8.16
41482,0.57,0.03,7.63,6.48,-8.16
41491,0.48,0.07,7.05,6.88,-7.75
41500,0.57,0.01,7.32,6.72,-8.16
41510,0.57,0.04,6.84,7.21,-8.37
41519,0.57,0.11,6.77,7.03,-7.95
41529,0.57,0.05,7.6,6.41,-7.95
41537,0.57,0.03,7.08,6.9,-8.37
41547,0.57,0.03,6.87,7.08,-8.16
41556,0.57,0.1,6.86,7.19,-8.16
41564,0.75,0.1,7.09,6.75,-7.95
41573,0.57,0.05,7.39,6.63,-8.16
41583,0.57,0.09,6.83,7.05,-8.37
41592,0.57,0.04,7.29,6.65,-8.37
41602,0.66,0.09,6.62,7.28,-8.16
41611,0.66,0.11,7.22,6.64,-8.16
41620,0.57,0.04,7.25,6.83,-8.16
41629,0.66,0.05,6.96,7,-8.37
41638,0.57,0.09,6.95,6.98,-8.37
41648,0.48,0.1,7.36,6.74,-8.16
41657,0.57,0.07,7.23,6.79,-8.37
41665,0.66,0.05,7.09,6.82,-8.16
41674,0.66,0.06,7.19,6.81,-8.37
41684,0.57,0.06,7.07,6.81,-8.16
41693,0.57,0.04,7.3,6.74,-8.58
41703,0.66,0.05,6.91,7.03,-8.37
41713,0.48,0.05,7.28,6.7,-8.37
41721,0.57,0.06,7.09,6.87,-8.16
41731,0.66,0.04,7.32,6.66,-7.54
41740,0.57,0.01,7.14,6.8,-8.37
41750,0.57,0.02,6.89,7.09,-7.95
41760,0.48,0.08,6.93,7.01,-8.79
41769,0.66,0.11,6.97,7.11,-8.58
41780,0.57,0.1,7.52,6.55,-8.58
41789,0.66,0.03,7.23,6.74,-8.16
41798,0.57,0.04,6.93,7.02,-8.16
41807,0.66,0.05,7.21,6.78,-8.37
41817,0.57,0.03,7.27,6.71,-8.16
41826,-0.04,0.06,6.96,6.89,-8.79
41835,0.48,0.05,7.17,6.84,-8.37
41844,0.57,0.05,7.21,6.74,-8.37
41853,0.66,0.03,7.19,6.81,-8.79
41863,0.57,0.07,6.97,6.99,-8.16
41871,0.66,0.04,7.47,6.49,-8.37
41879,0.66,0.03,7.28,6.72,-7.95
41888,0.66,0,7.27,6.72,-8.16
41898,0.48,0.02,6.99,6.97,-8.37
41906,0.13,0.06,7.08,6.83,-8.16
41916,0.13,0.03,7.41,6.66,-8.79
41925,0.48,0.04,6.9,6.96,-9.21
41935,0.4,0.09,6.83,7.04,-8.37
41943,0.48,0.06,7.32,6.67,-8.16
41953,0.66,0.03,7.33,6.66,-8.37
41962,0.48,0.01,7.27,6.64,-8.37
41971,0.57,0.04,7.07,6.76,-8.79
41980,0.04,0.06,7.14,6.81,-8.37
41989,0.48,0.01,7.34,6.74,-8.16
41998,0.48,0,7.06,6.88,-8.58
42007,0.48,0.04,6.71,7.09,-8.58
42015,0.66,0.09,6.9,6.95,-8.16
42025,0.48,0.06,7.29,6.77,-8.37
42034,0.48,0.04,7.26,6.74,-8.58
42043,0.48,0.08,7.05,6.9,-8.37
42051,0.48,0.06,7.34,6.6,-8.58
42061,1.19,0.05,7.07,6.96,-8.58
42070,0.57,0.02,7.11,6.9,-8.16
42079,0.66,0.07,6.96,7.13,-8.58
42087,0.48,0.05,7.33,6.59,-8.79
42097,0.57,0.09,7.05,6.91,-8.58
42106,0.57,0.07,7.18,6.71,-8.79
42115,0.57,0.03,7.43,6.73,-8.79
42125,0.48,0.07,6.76,7.18,-9.21
42135,0.57,0.08,7.13,6.82,-8.79
42143,0.48,0.06,7.36,6.7,-8.58
42153,0.57,0.03,7.21,6.77,-8.16
42163,0.48,0,7.06,6.94,-8.37
42172,0.75,0.07,6.67,7.15,-8.58
42180,1.28,0.08,7.11,6.76,-7.95
42190,0.57,0.04,7.22,6.69,-9.21
42199,0.48,0.08,6.79,7.19,-8.58
42209,0.66,0.08,7.1,6.83,-8.58
42217,0.48,0.06,7.54,6.55,-8.58
42226,0.48,0.04,7.12,6.86,-8.37
42237,0.66,0.05,7.13,6.78,-7.75
42245,0.57,0.02,7.12,6.79,-8.16
42254,0.57,0.01,7.01,7.07,-8.37
42263,1.19,0.1,6.7,7.24,-8.58
42271,0.57,0.1,7.29,6.74,-8.58
42279,1.01,0.08,7.29,6.72,-7.95
42289,0.48,0.03,7.29,6.61,-8.79
42298,0.57,0.07,6.84,7.07,-8.16
42307,0.66,0.07,7.24,6.62,-9
42315,0.66,0.08,7.07,6.8,-8.37
42325,0.57,0.06,7.28,6.79,-8.16
42334,0.75,0.02,7.08,6.89,-7.75
42344,0.57,0.03,7.21,6.74,-8.58
42353,0.57,0.06,7.11,6.98,-8.16
42362,0.66,0.1,6.82,7.18,-9
42371,1.28,0.04,8.05,6.02,-8.58
42381,0.48,0.08,6.8,6.96,-8.58
42389,0.66,-0.03,7.85,6.22,-8.58
42399,0.66,0.02,5.92,7.73,-8.58
42407,-0.04,0.05,6.55,7.25,-8.79
42417,0.57,0.12,7.23,6.86,-8.58
42425,0.66,0.14,7.04,6.82,-9.21
42434,0.22,0.09,7.28,6.79,-8.79
42443,0.66,0.07,7.42,6.84,-8.79
42452,0.75,0.05,7.12,6.79,-8.37
42461,0.31,0.07,7.14,7.02,-8.58
42470,0.13,0.06,7.09,6.77,-9
42480,0.75,0.06,6.87,7.04,-8.79
42489,0.66,0.11,7.12,6.82,-8.58
42498,0.66,0.04,7.51,6.55,-8.79
42507,0.75,0.06,7.16,6.84,-9
42516,0.57,0.05,7.2,6.88,-8.58
42525,0.66,0.01,7.15,6.83,-9
42534,0.4,0.08,6.52,7.2,-8.79
42544,0.66,0.08,7.13,6.85,-8.79
42553,0.57,0.06,7.31,6.7,-8.79
42563,0.66,0.09,6.89,6.94,-8.79
42571,1.1,0.05,7.47,6.6,-9
42581,0.57,0.06,7.02,6.9,-8.79
42589,0.57,0.05,7.41,6.67,-8.79
42599,0.57,0.03,7.16,6.84,-9
42609,0.66,0.07,6.83,7,-9
42618,0.75,0.06,7.31,6.83,-8.79
42626,0.66,0.03,7.14,6.77,-8.79
42635,0.57,0.05,6.96,6.95,-8.58
42644,0.57,0.05,7.15,6.72,-8.79
42654,0.48,0.07,6.95,6.89,-8.58
42663,0.57,0.06,7.29,6.71,-9
42671,-0.22,0.05,7.2,6.8,-9
42681,0.48,0.03,7.21,6.79,-8.16
42691,0.66,0.02,7.42,6.69,-8.79
42701,0.57,0.07,7.07,6.85,-9.21
42711,0.66,0.04,7.18,6.78,-8.58
42720,0.66,0.02,7.2,6.8,-9.21
42729,0.57,0.04,7.07,6.81,-9
42738,0.57,0.06,7.13,6.88,-9
42748,0.66,0.03,7.27,6.83,-9
42756,0.57,0.04,6.92,7.02,-8.79
42764,0.57,0.08,6.99,6.94,-8.79
42773,0.57,0.08,7.31,6.71,-9
42783,0.57,0.02,7.26,6.76,-8.79
42791,0.4,0.05,6.67,7.16,-9.21
42801,0.57,0.09,7.11,6.8,-8.79
42811,0.57,0.08,7.44,6.59,-9
42820,0.66,0.03,7.29,6.66,-8.58
42829,0.57,0.01,7.24,6.73,-9.21
42838,0.66,0.02,6.91,7.08,-9
42848,0.57,0.06,7.06,6.99,-8.79
42857,0.04,0.07,7.21,6.69,-9.21
42865,0.66,0.05,7.2,6.89,-9
42875,0.57,0.04,7.13,6.87,-9
42884,0.66,0.04,7.11,6.92,-9
42894,0.57,0.09,6.86,7.02,-9
42903,0.66,0.05,7.29,6.73,-9.21
42913,0.66,0.07,7.03,6.9,-9
42921,0.57,0.06,7.28,6.71,-9
42931,0.57,0.04,7.23,6.71,-9
42940,0.66,0.05,7.06,6.9,-9.21
42950,0.57,0.06,7.12,6.92,-9.42
42959,0.48,0.06,7.35,6.73,-9
42968,0.57,0.04,7.17,6.75,-9
42977,0.75,0.04,7.25,6.74,-8.58
42987,0.75,0,7.3,6.72,-8.79
42995,0.57,0.03,6.96,6.93,-8.79
43004,0.57,0.04,6.96,6.86,-8.37
43014,0.57,0.04,7.28,6.68,-9.84
43023,0.66,0.07,6.82,7.02,-9
43033,0.4,0.05,7.51,6.5,-9
43042,0.75,0.05,7.1,6.84,-9
43052,0.66,0.05,7.39,6.73,-9.42
43062,0.92,0.01,7.1,6.89,-8.58
43070,0.66,0.04,6.98,6.86,-8.79
43080,0.57,0.05,7.39,6.63,-9
43088,0.57,0.03,7.38,6.56,-9
43097,0.57,0.04,7.25,6.79,-9
43105,0.48,0,7.28,6.75,-9.21
43115,0.48,0.05,7.16,6.97,-8.58
43123,0.57,0,7.69,6.46,-9
43133,0.75,0.03,7.05,6.91,-9
43142,0.57,0.02,7.19,6.82,-8.79
43153,0.48,0,7.06,6.85,-8.79
43163,1.01,0.04,7.01,6.95,-8.79
43171,0.48,0.02,7.21,6.7,-8.79
43181,0.48,0.06,6.81,7.02,-9
43190,0.48,0.06,7.17,6.9,-8.58
43199,0.48,0.03,7.33,6.57,-8.79
43208,0.48,0.07,6.79,7.09,-9
43218,0.4,0.06,7.27,6.69,-9
43227,0.48,0.05,7.18,6.82,-9
43236,0.57,0.04,7.14,6.88,-9.21
43245,0.57,0.07,7.11,6.89,-8.58
43254,0.57,0.05,7.34,6.69,-8.79
43262,0.66,0.02,7.38,6.72,-9
43270,0.57,0.05,7.07,7.04,-9.21
43279,0.57,0.1,7.11,6.88,-8.79
43287,0.57,0.04,7.65,6.41,-9
43297,0.31,-0.01,7.18,6.66,-9
43305,0.57,0.04,6.53,7.32,-8.58
43314,0.57,0.05,7.39,6.72,-8.58
43323,0.48,0.06,7.39,6.66,-8.37
43333,0.48,0.01,7.43,6.58,-8.58
43342,0.57,0.01,6.91,6.88,-9.21
43352,0.48,0.07,6.85,7,-8.37
43361,0.48,0,7.5,6.62,-9
43370,0.48,0.05,6.73,7.11,-8.79
43380,0.48,0.09,7.39,6.56,-8.58
43388,0.04,0.01,7.72,6.37,-9.21
43398,0.48,0.03,6.75,7.15,-9.21
43406,0.57,0.04,7.1,6.76,-8.79
43415,0.48,0.07,7.32,6.76,-8.58
43424,0.31,0.01,6.97,6.91,-8.16
43433,0.48,0,7.24,6.82,-9
43442,0.4,0.07,6.77,7.17,-8.79
43450,0.48,0.08,7.02,6.97,-9
43460,0.48,0.07,6.9,7.1,-9.21
43470,0.48,0.11,6.98,6.92,-8.58
43479,0.84,0.1,7.32,6.72,-8.79
43488,0.57,0.07,7.31,6.77,-8.58
43497,0.57,0.04,6.9,7.05,-9
43506,0.57,0.07,6.72,7.1,-8.79
43514,0.57,0.1,6.97,6.96,-8.79
43523,0.57,0.1,7.07,6.82,-8.58
43533,0.57,0.09,7.34,6.71,-8.79
43543,0.57,0.04,7.32,6.68,-9
43552,0.75,0.08,6.86,7.02,-9
43562,0.31,0.08,7.23,6.71,-8.37
43571,0.57,0.04,7.43,6.56,-8.58
43580,0.48,0.02,7.22,6.72,-9
43589,0.48,0.01,6.87,6.98,-8.37
43599,0.57,0.06,6.78,7.04,-8.58
43609,0.57,0.08,7.26,6.78,-8.79
43618,0.57,0.06,7.27,6.76,-8.79
43627,0.13,0.05,7.04,6.92,-8.58
43637,0.57,0.07,7.11,6.95,-8.79
43646,0.48,0.94,3.3,9.55,-8.79
43655,1.01,1.72,5.51,8.16,-8.37
43665,1.1,1.98,8.35,6.09,-5.65
43674,1.28,2.01,6.33,7.28,-6.28
43684,1.72,1.87,7.73,6.16,-4.4
43693,1.28,1.39,9.25,5.48,-4.61
43703,1.98,0.72,9.94,4.72,-6.28
43712,1.28,-0.02,9.95,4.76,2.3
43721,1.8,-0.81,10.57,4.43,2.93
43730,1.36,-1.71,10.33,4.66,2.72
43738,0.92,-2.36,8.91,5.25,11.72
43748,1.19,-2.07,5.59,8.44,10.68
43756,0.84,-1.33,2.8,10.35,11.51
43766,0.75,-0.61,5.65,8.16,11.09
43776,0.04,-0.44,8.12,5.68,9
43785,0.48,-0.47,7.61,6.96,8.58
43795,0.48,-0.4,6.03,7.7,7.75
43804,-0.13,-0.22,5.71,7.76,7.75
43814,1.01,-0.01,6.54,7.16,7.95
43823,0.57,0.02,7.53,6.58,7.54
43832,0.57,-0.06,7.59,6.43,6.91
43842,0.48,-0.04,6.66,7.13,7.54
43851,0.92,-0.03,6.97,6.95,6.91
43861,0.4,0.01,6.81,7.19,7.12
43870,0.48,0.06,7.16,6.84,6.28
43880,0.4,0.05,7.48,6.72,6.49
43889,0.13,0.03,7.41,6.53,6.91
43897,0.13,-0.04,7.71,6.47,6.7
43905,0.4,-0.04,7.3,6.69,6.91
43914,0.4,-0.08,7.29,6.81,6.7
43923,0.13,-0.04,6.95,6.99,7.12
43933,0.4,-0.02,7.21,6.88,6.7
43942,-0.13,-0.02,7.05,6.88,6.91
43951,0.4,-0.04,7.3,6.71,7.12
43960,0.31,-0.01,6.79,7.17,7.33
43970,0.4,-0.01,7.25,6.75,7.12
43980,0.22,-0.04,7.17,6.74,6.91
43989,0.31,-0.01,6.98,6.93,7.33
43999,0.31,0,7.2,6.75,6.28
44008,0.31,0.04,6.89,7.07,6.91
44017,0.31,0.02,7.57,6.52,6.91
44025,0.31,0,7.53,6.57,6.49
44035,0.31,-0.01,7.03,6.82,6.91
44045,0.31,-0.03,7.31,6.69,7.12
44053,0.31,-0.03,7.13,6.96,6.7
44061,0.22,-0.02,7.19,6.85,6.28
44071,0.4,-0.02,7.02,6.89,7.12
44080,0.22,-0.01,7.07,6.84,6.7
44089,0.4,-0.01,7.09,6.89,7.12
44097,0.22,-0.02,7.14,6.78,6.91
44107,0.22,-0.01,6.8,7.1,7.33
44117,0.22,0,7.1,6.87,6.91
44126,0.22,0.02,6.96,6.96,7.12
44136,0.22,0,7.18,6.78,7.12
44145,0.22,-0.01,7.21,6.85,6.91
44154,0.22,0.02,6.62,7.19,6.91
44163,0.22,0.02,7.16,6.88,6.7
44172,0.22,0.05,6.81,7.05,6.7
44181,0.13,0.08,7.15,6.82,6.7
44190,0.22,0.05,7.36,6.73,6.7
44199,0.31,0.03,7.23,6.72,6.49
44209,0.31,0.02,7.16,6.84,6.07
44219,0.22,0.01,7.15,6.85,6.7
44228,0.4,0,7.1,6.78,6.7
44237,0.04,-0.01,7.22,6.81,7.12
44246,0.13,-0.05,7.31,6.8,6.91
44255,0.13,-0.01,6.88,7.03,6.49
44263,0.13,0.02,6.88,6.98,6.91
44272,0.04,0,7.29,6.79,7.12
44281,0.13,-0.01,7.17,6.84,7.12
44289,0.57,-0.05,7.14,6.97,6.7
44299,0.13,0.03,6.56,7.34,6.91
44308,0.22,0.05,7.3,6.69,6.91
44318,0.13,0.03,7.17,6.84,6.7
44327,0.13,0.05,7.02,6.86,6.28
44336,0.04,0.02,7.09,6.77,6.49
44346,0.13,0.02,7.19,6.8,6.28
44355,0.13,0.03,6.93,6.99,6.28
44363,0.13,0.26,5.47,7.87,6.7
44372,-0.13,1.57,2.68,10.06,7.75
44382,0.84,1.96,6.72,6.91,7.33
44391,0.92,1.67,9.77,4.7,9.21
44400,0.48,1.27,8.51,5.98,10.26
44409,0.48,0.67,9.37,5.07,13.4
44418,0.48,-0.13,11.54,3.69,15.7
44428,0.31,-1.07,10.1,4.62,19.68
44437,0.48,-1.86,10.6,4.25,20.1
44445,0.22,-1.84,4.49,8.64,20.51
44454,-0.13,-1.2,2.67,10.06,20.72
44463,0.13,-0.39,5.33,8.14,21.77
44472,0.22,-0.34,9.54,4.87,19.26
44481,0.04,-0.34,7.94,6.4,19.26
44490,-0.04,-0.57,8.66,5.79,18.42
44499,-0.04,-0.33,6.02,7.6,19.05
44507,-0.04,-0.33,7.51,6.72,18.63
44517,-0.13,-0.15,6.79,7.35,18.21
44528,-0.66,-0.17,7.32,6.43,18
44537,-0.13,-0.12,6.68,7.24,17.37
44546,-0.22,-0.1,7.17,6.92,17.37
44555,-0.13,-0.06,6.87,6.82,17.58
44565,-0.13,-0.06,7.44,6.67,17.37
44573,-0.22,-0.08,7.78,6.55,18
44581,-0.22,-0.09,7.11,7,16.96
44589,-0.48,-0.08,6.78,7.18,17.17
44598,-0.31,-0.01,6.6,7.4,17.17
44606,-0.22,-0.01,7.2,6.91,16.75
44615,-0.22,0.03,6.95,6.92,17.37
44623,-0.31,-0.02,7.41,6.52,17.17
44632,0.22,-0.05,7.21,6.84,17.17
44641,-0.31,-0.01,6.64,7.09,16.12
44650,-0.31,0.02,7.2,6.92,16.96
44660,0.4,0.01,6.84,7,16.54
44669,-0.31,-0.06,7.47,6.88,16.96
44679,-0.31,0.01,6.6,7.34,16.54
44688,-0.48,0.01,7.07,6.92,16.75
44697,-0.31,0.02,7.13,6.81,16.96
44705,-0.48,-0.01,7.47,6.75,16.54
44715,-0.4,-0.05,6.93,7.09,17.17
44725,-0.22,0.04,6.51,7.26,16.54
44734,-0.31,0,7.32,6.7,16.33
44744,-0.4,0.03,6.57,7.07,16.12
44754,-0.31,0.06,7.38,6.65,16.33
44763,-0.4,-0.01,7.42,6.73,16.12
44771,-0.31,-0.01,7.09,6.96,15.91
44780,-0.4,-0.05,7.02,6.84,16.33
44789,-0.31,-0.02,7.2,6.87,15.91
44799,-0.4,0.01,6.84,6.92,16.12
44807,-0.48,-0.01,7.16,6.99,16.12
44816,-0.57,-0.03,7.13,7.01,16.12
44825,-0.4,-0.03,7.16,6.93,16.12
44834,-0.66,0.01,6.73,7.09,15.28
44843,-0.48,0.01,6.9,7.02,15.7
44853,-0.4,0.04,7.25,6.96,15.28
44862,-0.48,0.01,7.1,6.81,15.49
44871,-0.4,-0.02,7.42,6.69,15.28
44881,-0.48,0.03,6.61,7.21,15.49
44889,-0.48,0,6.78,7.13,14.86
44899,0.13,0.03,6.71,7.27,15.28
44907,-0.4,0.06,6.44,7.32,15.07
44916,-0.4,0.08,6.94,6.97,15.28
44925,-0.48,0.05,7.03,6.84,14.86
44935,-0.48,0.06,7.01,6.84,15.07
44944,-0.22,0.04,7.29,6.63,14.86
44954,-0.48,0.01,7.07,6.93,15.07
44964,-0.4,-0.02,7.12,7,14.44
44972,-0.48,0.05,6.53,7.35,15.07
44983,-0.57,0.02,6.69,7.23,14.86
44992,-0.4,0.06,6.73,7.12,14.65
45002,-0.66,0.1,6.74,7.31,14.65
45012,-0.31,0,7.34,6.73,14.44
45021,-0.48,0.1,6.73,7.37,14.23
45029,-0.48,0.09,7.18,6.86,14.44
45038,-0.4,0.02,7.41,6.81,13.82
45047,-0.4,0.02,6.83,7.1,14.44
45056,-0.48,0.04,7.26,6.94,13.61
45066,-0.48,0.08,7.22,6.94,14.23
45075,-0.48,-0.03,7.15,6.79,13.82
45084,-0.57,0.01,6.34,7.41,13.61
45093,-0.48,0.04,7.02,6.99,13.4
45103,-0.48,0.07,7.31,6.89,13.61
45112,-0.48,0.06,7.23,6.7,13.19
45121,-1.1,0.85,1.81,10.49,13.61
45131,-1.1,2.24,4.05,8.51,15.91
45139,0.31,2.53,6.98,7.47,16.96
45148,-0.04,2.2,7.42,6.22,17.17
45156,0.92,1.94,8.62,5.64,19.26
45166,1.01,1.23,9.2,5.51,21.35
45176,0.57,0.37,10.42,4.35,24.28
45184,0.75,-0.58,11.43,3.52,27
45194,0.48,-1.57,11.05,4.09,29.73
45204,0.04,-2.51,12.17,3.09,32.87
45213,-0.22,-2.4,2.13,12.17,30.98
45222,-0.57,-1.74,4.18,8.94,31.19
45231,0.04,-0.71,2.77,10.29,29.73
45240,-0.4,-0.21,5.5,8.03,28.89
45248,-0.4,-0.06,7.68,6.05,27
45256,-0.4,-0.14,8.5,5.84,27
45266,-0.48,-0.28,7.72,6.46,26.17
45275,-0.48,-0.24,6.09,7.69,26.79
45285,-0.57,-0.16,6.65,7.41,26.59
45294,-1.01,-0.02,6.1,7.93,26.38
45303,-0.57,0.02,7.53,6.77,25.75
45313,-0.75,0.01,7.52,6.55,25.12
45321,-0.57,0.03,7.24,6.82,25.12
45331,-0.4,-0.1,8.45,6.86,25.96
45339,-0.66,-0.09,6.17,6.88,24.7
45348,-0.57,-0.07,6.67,7.27,25.33
45356,-0.66,0.06,7.59,6.55,25.12
45366,-0.66,-0.02,8.65,5.85,25.12
45375,-0.66,-0.2,7.73,6.34,25.12
45384,-0.75,-0.21,6.33,7.54,25.33
45393,-1.45,-0.12,6.19,7.66,25.33
45403,-0.75,0.01,6.02,7.48,24.91
45413,-0.66,0.04,7.24,6.67,24.7
45422,-0.75,0.02,7.38,6.48,24.07
45431,-0.75,-0.04,7.37,6.61,24.7
45440,-0.75,-0.12,7.36,6.64,23.65
45449,-0.66,-0.02,6.35,7.85,23.86
45457,-0.66,0.01,6.99,7.08,24.07
45467,-0.75,0.01,6.44,6.87,23.45
45476,-0.84,0.03,6.57,7.33,23.65
45485,-0.84,0.04,7,7.09,23.24
45495,-0.75,0.07,6.68,7.37,23.65
45504,-0.84,0.05,7.17,6.63,23.65
45514,-0.84,0.03,7.69,6.6,23.03
45523,-0.75,0,7.5,6.47,23.24
45533,-0.48,-0.05,6.9,6.93,23.03
45542,-0.84,-0.07,6.67,7.18,23.24
45552,-0.92,-0.06,6.71,7.33,23.03
45561,-0.84,0.05,7.04,7.01,22.61
45571,-0.75,0.04,7.05,7.03,22.82
45581,-0.84,-0.07,7.22,7.07,22.61
45589,-0.75,0.01,6.43,7.36,22.82
45598,-0.84,0.03,7.11,6.99,22.19
45606,-0.84,0.03,7.21,7.04,21.77
45615,-1.01,0.02,6.28,7.33,21.98
45623,-0.75,0.06,6.67,7.19,21.77
45633,-0.84,0.08,7.34,7.08,21.98
45642,-0.84,0.03,7.07,7.1,21.77
45652,-1.19,0.04,6.78,7.11,21.35
45662,-0.92,0.07,6.82,7.01,21.14
45671,-0.84,0.08,7.09,6.95,21.35
45681,-0.84,0.02,7.11,6.88,20.93
45689,-0.4,0.02,6.79,7.28,21.56
45698,-0.4,0.01,7.37,6.88,21.35
45707,-0.75,0.03,7.18,6.76,21.14
45717,-0.84,-0.05,7.54,6.63,20.51
45726,-0.92,-0.01,6.76,7.47,21.56
45736,-0.92,-0.02,7.58,6.55,20.31
45746,-0.84,-0.04,6.72,6.97,19.89
45755,-0.84,0.02,6.74,6.98,19.89
45765,-0.84,-0.02,7.49,6.76,20.1
45774,-1.01,-0.06,6.83,7.09,20.31
45784,-0.84,0.02,5.23,7.98,19.89
45792,-0.92,0.04,6.31,7.63,19.47
45800,-0.84,0.19,6.04,7.81,19.47
45810,-0.92,0.22,7.75,6.5,18.63
45820,-0.84,0.12,7.41,6.68,19.47
45829,-0.75,0.05,7.75,6.39,19.05
45838,-0.84,-0.03,6.61,7.15,18.84
45848,-0.92,0.03,6.51,7.33,19.26
45856,-0.22,0.03,6.86,7.04,18.63
45864,-0.84,0.09,6.23,7.42,18.84
45873,-0.84,0.06,6.71,7.22,18.63
45883,-0.4,0.1,6.62,7.33,18.42
45892,-0.75,0.09,6.74,6.99,18
45903,-0.75,0.11,6.82,7.25,17.58
45913,-0.57,0.1,6.91,7.07,17.58
45922,-0.84,0.08,6.78,7.13,17.58
45930,-0.84,0.09,6.94,7.04,16.96
45939,-0.84,0.08,6.36,7.38,17.17
45949,-0.84,0.07,6.84,7.17,17.17
45958,-0.92,0.14,6.26,7.38,16.96
45967,-0.84,0.13,7.06,6.98,16.75
45976,-0.84,0.09,6.7,7.22,17.17
45986,-0.75,0.13,7.36,6.68,16.96
45996,-0.84,0.07,7.05,6.8,16.96
46005,-1.45,0.02,7,7.1,16.33
46015,-0.66,0.07,6.75,7.3,16.12
46025,-0.75,0.06,7.13,6.79,16.12
46035,-0.75,0.05,7.06,6.85,16.33
46046,-0.92,-0.02,7.15,6.8,16.12
46056,-0.84,0,6.72,7.38,15.49
46064,-0.92,0.07,6.84,7.04,15.49
46073,-0.13,0.05,7.01,6.97,15.49
46084,-0.66,0,7.32,6.67,15.07
46094,-0.84,0.07,6.44,7.44,14.86
46104,-0.84,0.05,7.45,6.59,15.07
46114,-0.84,-0.01,7.14,6.91,14.86
46123,-0.92,0,7.18,6.78,14.44
46133,-0.92,0.03,6.7,7.31,15.07
46143,-0.92,0.01,7.29,6.96,14.65
46154,-0.84,0.08,6.59,7.3,14.65
46164,-0.31,1.84,2.6,11.14,14.03
46173,-0.22,2.33,7.07,6.89,16.75
46184,-0.13,2.1,8.09,5.74,16.33
46195,0.31,1.78,7.77,6.73,18.63
46204,0.31,1.01,8.89,6.09,21.35
46213,-0.4,0.31,9.86,4.79,22.4
46223,0.04,-0.48,10.58,4.6,25.33
46232,-0.57,-1.16,8.19,5.23,27.21
46241,-0.31,-1.87,9.37,5.57,31.61
46250,-0.4,-2.17,5.8,7.41,31.4
46258,-1.19,-1.63,2.37,10.91,31.19
46266,-1.28,-0.95,3.56,9.25,31.61
46274,-1.19,-0.31,3.19,9.47,29.73
46282,-0.75,-0.22,7.69,6.67,29.31
46290,-0.84,-0.2,8.7,6.1,28.47
46299,-0.84,-0.27,6.61,7.58,28.26
46307,-0.75,-0.16,6.84,6.96,28.26
46315,-0.84,-0.14,6.59,7.2,27.84
46324,-0.84,-0.05,7.26,6.78,27.21
46333,-0.84,-0.07,6.75,6.99,27.42
46341,-0.84,-0.04,6.72,7.3,27.42
46349,-0.92,-0.04,6.14,7.5,26.79
46357,-0.92,0,6.46,7.38,26.59
46365,-1.01,0.05,6.66,7.19,25.33
46373,-0.84,0.16,6.21,7.44,25.96
46381,-0.92,0.13,7.4,6.88,25.96
46389,-0.92,0.08,6.84,7.33,26.17
46397,-0.92,-0.03,7.21,6.94,25.75
46406,-0.84,0.06,6.23,7.67,25.54
46414,-0.84,0.11,6.64,6.88,25.96
46422,-0.84,0.12,7.65,6.57,25.96
46429,-0.66,-0.02,7.74,6.53,25.96
46437,-0.84,-0.01,7.35,6.78,25.54
46445,-0.92,-0.02,7.33,6.93,25.54
46453,-0.84,0,6.79,6.74,25.54
46461,-0.92,-0.06,7.18,6.88,26.17
46469,-1.45,-0.05,7.46,6.71,25.33
46477,-1.1,-0.04,6.62,7.11,24.49
46485,-1.01,0.02,6.3,7.64,24.91
46492,-1.1,-0.02,7.05,6.79,24.49
46500,-0.84,0.06,6.31,7.94,24.91
46508,-1.01,-0.01,7.97,6.77,24.49
46516,-1.36,0.11,6.5,7.28,24.07
46524,-0.92,0.04,6.85,7.14,24.07
46532,-0.92,0.11,5.82,7.23,24.28
46539,-1.01,0,7.23,6.96,24.7
46548,-0.92,0.08,6.67,7.19,23.65
46556,-0.84,0.06,6.81,6.97,23.65
46565,-0.84,0.16,7.11,6.9,23.24
46573,-0.92,0.04,7.53,6.55,23.24
46581,-0.57,0.05,7.24,6.96,23.45
46589,-1.01,-0.06,7.74,6.45,24.07
46597,-0.92,-0.01,6.65,7.23,23.45
46606,-0.92,-0.07,6.53,7.1,23.45
46614,-1.54,-0.01,6.39,7.36,23.24
46622,-1.01,0.06,7.05,6.79,22.82
46630,-0.4,0.49,5.1,7.93,22.4
46638,-0.66,2.04,2.61,10.91,23.24
46647,-0.57,3.08,4.59,9.13,23.03
46657,-0.22,3.29,6.13,6.61,27.42
46666,0.4,3.41,8.81,5.53,27.84
46675,0.57,2.96,9.94,4.82,30.35
46684,1.01,2.4,9.62,5.25,32.24
46692,0.75,1.67,9.32,5.49,36.21
46702,1.45,0.72,10.93,4.19,38.94
46712,0.84,-0.34,10.58,3.72,39.77
46722,1.01,-1.26,10.86,4.75,42.29
46732,0.66,-2.29,9.68,5.57,44.17
46742,0.22,-3.31,9.88,4.48,47.31
46752,-0.66,-3.79,7.29,6.7,48.36
46763,-0.92,-3.04,3.25,9.21,50.03
46772,-0.84,-2.09,2.88,9.11,47.52
46783,-1.01,-0.97,2.82,9.97,42.91
46794,-1.01,0.04,2.89,10.52,41.66
46805,-0.92,0.34,6.08,7.98,39.35
46815,-0.84,0.09,8.51,6.38,38.94
46824,-0.84,0.15,5.9,7.52,38.73
46835,-0.57,0.09,5.84,8.09,38.94
46845,-0.92,0.21,6.46,7.46,38.1
46853,-0.84,0.25,5.99,7.35,38.1
46862,-0.92,0.18,8.13,5.95,37.47
46872,-0.84,0.18,7.57,6.7,37.47
46883,-0.92,-0.02,9.07,5.55,37.68
46891,-1.01,-0.19,7.89,7.23,37.68
46902,-0.75,-0.16,6.75,7.39,38.1
46913,-1.01,-0.13,6.67,6.96,38.1
46923,-1.01,-0.06,6.24,7.47,37.89
46933,-1.72,-0.01,7.11,6.89,37.47
46944,-0.92,-0.11,7.03,6.67,37.68
46954,-1.1,-0.07,6.96,7.2,37.47
46963,-1.1,-0.06,7.2,7.08,37.05
46973,-1.1,-0.06,6.82,7.23,37.05
46984,-1.1,-0.07,5.52,7.69,36.63
46993,-1.1,0.02,7.17,6.83,36.21
47004,-1.1,0.16,6.62,7.3,36.21
47015,-1.1,-0.04,8.75,5.61,35.8
47024,-1.1,-0.05,7.02,6.97,35.8
47034,-1.1,-0.07,6.71,7.26,35.8
47044,-1.1,-0.12,6.51,7.36,35.59
47054,-1.1,0.04,6.7,7.44,35.17
47063,-1.19,0,8.32,6.62,35.38
47072,-1.1,0,7.64,6.13,35.38
47081,-1.19,-0.23,7.78,6.51,35.8
47090,-1.19,-0.18,6.41,7.64,35.8
47099,-1.28,-0.11,5.9,7.88,35.38
47109,-1.19,0.02,6.95,6.91,35.38
47120,-1.19,0,6.67,6.88,34.54
47128,-1.19,-0.06,7,7.05,34.33
47138,-1.36,0.01,6.37,7.47,33.91
47148,-1.28,0.04,7.24,7.28,33.7
47157,-1.28,0.01,6.51,7.27,33.49
47166,-1.28,0.09,5.09,8.18,33.07
47176,-1.28,0.1,6.51,7.36,33.49
47187,-1.28,0.19,6.94,7.38,32.45
47196,-0.66,0.21,7.32,6.62,32.24
47206,-1.19,0.08,8.04,6.02,32.45
47215,-1.19,-0.03,6.89,7.03,32.66
47224,-1.72,-0.05,7.56,6.61,32.45
47233,-1.28,-0.05,7.41,7.24,32.24
47242,-1.36,-0.06,7.47,6.99,32.03
47251,-1.36,-0.09,6.64,7.51,32.24
47260,-1.28,-0.06,6.05,7.9,31.82
47269,-1.28,-0.02,6.69,7.15,31.82
47278,-1.19,0.06,6.96,7.01,31.4
47287,-1.28,0.05,6.85,7.28,31.61
47296,-1.45,-0.02,7.11,6.85,31.19
47305,-1.28,0.01,6.53,7.33,30.77
47315,-1.28,0.06,6.72,7.07,30.56
47324,-1.36,0.08,6.49,7.28,31.19
47334,-1.36,0.05,7.54,6.38,30.56
47343,-1.36,-0.02,7.1,6.69,29.93
47353,-1.36,0,6.6,7.17,29.93
47363,-1.36,0.05,7.32,6.4,29.52
47372,-1.36,-0.01,7.69,6.69,30.14
47383,-1.45,-0.15,7.37,6.83,29.52
47392,-1.63,-0.13,6.84,7.41,29.31
47400,-1.89,-0.04,5.77,7.72,29.31
47411,-1.45,0.07,7.31,6.85,29.1
47421,-1.45,0.03,6.69,7.31,29.1
47431,-1.45,-0.09,7.08,7.14,28.68
47440,-1.36,0.06,5.61,8.04,28.47
47450,-1.36,0.08,7.56,6.36,28.26
47460,-1.28,0.05,6.72,7.31,27.63
47470,-1.45,0.04,6.62,7.32,27.63
47481,-1.36,0.04,7.4,7.12,27.42
47490,-1.45,0.07,6.05,7.75,27.21
47499,-1.36,0.08,8.1,6.02,27.63
47508,-0.66,0.04,8.05,5.93,27.21
47519,-1.45,-0.12,7.61,6.21,27.21
47530,-1.45,-0.15,6.74,7.13,26.79
47539,-1.45,-0.08,6.4,7.54,26.79
47550,-1.01,-0.01,6.97,7.03,26.17
47560,-1.63,0.01,7.15,7.01,25.75
47568,-1.54,-0.03,6.67,7.12,25.54
47577,-1.8,-0.04,6.87,7.17,25.54
47588,-1.54,0.01,6.45,7.51,25.33
47598,-1.28,0.08,6.52,7.38,25.12
47608,-1.54,0.05,7.63,6.42,25.12
47619,-1.45,0.01,7.44,7.13,24.7
47629,-1.54,0,7.13,6.83,24.91
47639,-1.54,-0.06,6.79,7.16,24.28
47647,-1.63,-0.01,5.98,7.83,24.07
47657,-1.01,0.1,6.16,7.93,23.86
47667,-1.54,0.15,7.06,6.98,23.45
47678,-1.45,0.12,7.39,6.83,23.65
47688,-1.54,0.05,7.41,6.93,23.03
47699,-1.45,-0.02,7.25,7.13,22.82
47708,-1.54,0.02,6.79,7.1,22.82
47718,-1.45,0.03,7.19,7.12,21.98
47728,-1.54,0.02,6.58,7.71,22.19
47738,-1.45,0.05,6.97,7.2,22.4
47747,-1.63,0.05,6.38,7.46,21.56
47756,-1.72,0.09,6.2,7.63,21.77
47768,-1.45,0.13,7.04,6.66,21.56
47776,-1.45,0.07,7.77,6.56,21.56
47786,-1.45,0.05,6.38,7.46,20.93
47798,-1.45,0.01,7.23,6.86,20.31
47807,-1.54,0.08,6.27,7.7,20.72
47815,-1.45,0.09,6.5,7.08,19.89
47824,-1.45,0.12,6.59,7.37,19.89
47834,-1.54,0.13,6.7,7.2,20.31
47843,-2.16,0.09,7.25,6.88,19.68
47853,-1.36,0.09,6.99,6.93,18.84
47864,-1.54,0.08,6.81,7.13,18.63
47873,-1.45,0.07,7.33,6.83,18.63
47882,-1.45,0.07,7.25,6.89,18.63
47891,-1.45,-0.02,7.59,6.73,18.84
47901,-1.45,-0.02,6.24,7.3,18.21
47910,-1.45,0.03,6.31,7.27,18.42
47919,-1.45,0.05,6.66,7.47,18.84
47930,-1.45,0.08,6.63,7.37,17.79
47939,-1.45,0.12,6.67,7.2,17.17
47948,-1.45,0.14,6.91,6.9,17.37
47957,-1.89,0.08,6.9,7.02,17.37
47967,-1.36,0.1,6.63,7.28,16.54
47978,-1.45,0.09,6.86,7.03,16.75
47988,-1.36,0.09,6.8,7.32,16.33
47999,-1.8,0.1,7.17,7,16.33
48008,-1.36,0.11,7.16,6.94,15.7
48018,-1.36,0.04,7.39,6.76,15.49
48028,-1.45,0.05,6.14,7.64,15.7
48038,-1.36,0.06,6.64,7.25,14.86
48047,-1.19,0.1,6.59,7.17,14.65
48056,-1.1,0.16,6.47,7.37,14.44
48066,-1.36,0.1,7.66,6.59,14.44
48075,-1.45,0.06,7.43,6.81,14.23
48086,-1.45,0.06,6.85,7.02,14.23
48096,-1.36,-0.01,7.25,6.78,14.03
48106,-0.66,0.03,6.9,7.04,13.61
48116,-1.36,0.07,6.96,7.07,13.4
48127,-1.28,0.05,6.54,7.24,13.82
48137,-1.36,0.03,7.08,6.79,13.19
48148,-1.36,0.09,6.87,7.2,12.77
48157,-1.36,0.05,6.92,7.01,12.98
48167,-1.45,0.06,6.9,7.19,12.77
48178,-1.36,0.06,6.87,7.02,12.14
48187,-1.45,0.05,6.96,6.97,11.72
48198,-1.36,0.11,6.83,7.15,11.72
48207,-1.54,0.06,7.01,6.92,11.09
48216,-1.36,0.06,6.73,7.18,11.51
48225,-1.45,0.06,6.82,7.13,11.09
48234,-1.36,0.08,6.49,7.38,11.3
48245,-1.89,0.08,6.86,7.12,10.05
48255,-0.57,0.12,6.27,7.4,10.26
48266,-1.36,0.2,6.62,7.3,10.05
48274,-1.36,0.13,7.4,6.73,9.63
48285,-1.36,0.13,6.85,7.16,9
48295,-1.36,0.13,7.1,6.99,9.42
48306,-1.28,0.04,7.24,6.83,9.21
48317,-1.28,0.1,7.02,7.05,8.79
48325,-0.66,0.08,7.17,6.9,8.16
48336,-1.36,0.04,7.34,6.77,8.79
48347,-1.36,0.03,7.07,6.94,8.79
48356,-1.63,-0.02,7.12,6.95,8.58
48367,-1.36,0.01,6.69,7.23,8.16
48377,-1.36,0.09,6.6,7.19,8.16
48387,-1.36,0.01,7.1,6.88,7.95
48398,-1.36,0.11,6.3,7.48,7.33
48407,-1.28,0.12,6.94,7.11,6.91
48418,-2.16,0.09,7.14,6.9,6.91
48426,-1.36,0.11,6.6,7.23,6.49
48437,-1.28,0.12,6.78,7.08,6.7
48447,-0.84,0.08,6.99,7.05,6.07
48456,-1.28,0.12,6.58,7.36,5.86
48465,-1.01,0.13,6.92,7.08,5.86
48474,-1.28,0.16,7.01,7.01,5.65
48484,-1.36,0.07,7.24,6.83,5.65
48493,-1.28,0.06,6.62,7.31,5.65
48504,-1.36,0.16,6.7,7.22,4.81
48513,-1.28,0.12,7.34,6.7,4.81
48523,-1.28,0.09,7.14,6.9,4.4
48533,-1.28,0.08,6.9,7.11,4.61
48542,-1.19,0.04,6.98,7.06,4.19
48553,-1.19,0.12,6.57,7.32,3.77
48564,-1.19,0.11,7.07,7,3.56
48573,-1.19,0.09,6.89,7.07,3.56
48584,-1.72,0.12,6.71,7.22,3.56
48592,-1.19,0.12,6.91,7.05,3.77
48601,-1.19,0.1,7.19,6.87,2.72
48611,-1.19,0.12,6.59,7.24,2.51
48621,-1.19,0.13,6.95,7.03,2.3
48632,-1.19,0.13,6.99,7.02,2.51
48640,-1.1,0.08,7.2,6.9,1.88
48651,-1.89,0.11,6.47,7.3,1.88
48660,-1.1,0.15,6.98,6.93,2.3
48670,-1.01,0.03,7.62,6.66,2.3
48681,-0.66,0.06,6.97,7.12,1.67
48690,-1.1,0.08,7.02,6.95,1.26
48700,-1.19,0.02,7.14,6.84,1.05
48711,-1.45,0.1,6.33,7.48,1.26
48721,-1.1,0.08,6.93,7.07,0.84
48731,-1.01,0.09,6.85,7.21,1.05
48739,-1.1,0.12,6.85,7.07,0.42
48750,-1.01,0.14,6.77,7.1,0.63
48759,-1.1,0.13,7.12,6.91,0.63
48769,-1.1,0.09,7.09,6.91,0.42
48780,-1.01,0.06,6.9,7.08,0.63
48790,-1.01,0.09,6.74,7.18,0.42
48799,-1.01,0.1,7.18,6.87,0
48808,-1.01,0.12,6.84,7.18,-0.21
48819,-1.01,0.11,7.02,6.92,0
48830,-1.01,0.06,7.09,6.92,0.21
48840,-1.01,0.06,6.74,7.09,0
48851,-1.1,0.09,6.87,7.03,-2.51
48861,-0.92,0.2,6.44,7.38,-2.3
48871,-1.01,0.16,7.52,6.58,-3.14
48882,-1.01,0.08,7.11,6.97,-3.35
48891,-1.01,0.12,6.54,7.34,-3.35
48902,-1.19,0.13,6.84,7.11,-4.4
48911,-0.57,0.19,6.68,7.22,-4.19
48922,-0.57,0.18,7.2,6.85,-4.4
48933,-0.92,0.1,7.22,6.79,-4.81
48941,-0.75,0.14,6.58,7.29,-5.02
48952,-0.84,0.12,7.26,6.87,-4.61
48962,-0.84,0.07,7.06,6.92,-5.02
48971,-0.84,0.12,6.65,7.27,-5.65
48980,-1.01,0.13,6.86,7.05,-5.65
48990,-0.92,0.12,7,7.03,-5.65
49001,-0.75,0.14,6.95,7,-5.86
49011,-0.31,0.11,7.22,6.83,-6.07
49022,-0.84,0.07,6.98,7.04,-6.7
49031,-0.4,0.12,6.47,7.35,-6.91
49040,-0.84,0.16,6.77,7.21,-6.91
49048,-0.75,0.16,6.97,7.06,-7.54
49058,-1.45,0.16,6.84,7.17,-7.54
49068,-1.36,0.15,7.02,6.92,-7.95
49079,-0.75,0.15,6.97,7.05,-7.54
49090,-0.75,0.15,7.13,6.95,-7.54
49101,-0.57,0.08,7.17,6.9,-8.16
49109,-0.75,0.11,6.75,7.08,-8.37
49118,-0.92,0.14,6.82,7.12,-8.37
49129,-0.66,0.15,6.73,7.26,-8.79
49138,-0.84,0.11,7.21,6.8,-9.84
49148,-0.57,0.22,6.21,7.65,-9.42
49157,-0.66,0.17,7.56,6.56,-9
49169,-0.57,0.09,7.79,6.4,-9
49179,-0.66,0.04,7.39,6.71,-10.05
49189,-0.57,0.06,6.5,7.28,-9.84
49198,-0.66,0.11,6.8,7.06,-9.84
49207,-0.92,0.09,7.09,6.81,-10.47
49216,-0.57,0.12,6.86,7.16,-10.68
49224,-0.75,0.16,6.75,7.07,-10.89
49234,-0.57,0.14,7.28,6.71,-10.68
49243,-0.4,0.1,7.16,6.92,-10.89
49251,-0.57,0.11,6.8,7.15,-11.51
49260,-0.48,0.14,6.73,7.09,-11.09
49269,-0.75,0.14,7,6.85,-11.51
49277,-0.57,0.13,7.12,6.98,-11.51
49287,-0.48,0.13,6.68,7.17,-12.14
49296,-0.92,0.16,6.99,7.02,-12.14
49306,-0.48,0.17,6.83,7.08,-12.14
49315,-0.31,0.12,7.14,6.88,-12.77
49323,-0.48,0.16,6.34,7.41,-12.56
49333,-0.57,0.15,6.95,7.02,-12.14
49342,-0.4,0.16,7.2,7.01,-12.98
49353,-0.4,0.19,6.85,7.23,-13.19
49364,0.13,0.15,7.07,6.91,-13.82
49374,-0.22,0.16,6.93,6.93,-14.03
49384,-0.48,0.2,6.33,7.42,-14.03
49395,-0.48,0.17,7.07,7.03,-14.44
49406,-0.4,0.21,6.84,7.03,-14.65
49414,-0.4,0.19,6.68,7.2,-14.44
49424,-0.4,0.16,6.63,7.36,-14.65
49435,-0.4,0.21,6.88,7.19,-14.65
49444,-0.22,0.24,6.82,6.9,-14.86
49454,-0.31,0.17,7.28,6.59,-15.07
49466,-0.31,0.11,6.84,7.09,-14.86
49474,-0.31,0.13,6.87,7.09,-15.07
49483,-0.13,0.15,6.5,7.18,-15.7
49493,-0.31,0.23,6.71,7.08,-15.91
49502,-0.84,0.16,7.15,6.77,-16.12
49511,-0.22,0.18,6.77,7.09,-15.91
49520,-0.22,0.16,7.31,6.73,-16.12
49530,-0.22,0.15,7.32,6.81,-15.91
49540,-0.31,0.12,7.19,6.78,-17.37
49551,-0.22,0.15,6.79,7.17,-16.33
49559,-0.13,0.1,7.5,6.8,-17.17
49570,-0.04,0.16,6.97,7.03,-16.33
49580,-0.13,0.1,7.67,6.46,-17.17
49590,-0.13,0.06,7.26,6.62,-17.17
49601,-0.13,0.07,7.11,6.79,-17.37
49609,-0.13,0.06,7.27,6.87,-17.17
49620,-0.22,0.06,7.12,7.01,-17.79
49630,-0.22,0.13,7.42,6.53,-16.96
49640,-0.13,0.01,7.98,6.23,-17.58
49651,-0.22,-0.03,6.25,7.5,-17.58
49661,-0.13,0.1,6.49,7.23,-18
49672,-0.13,0.13,6.84,6.95,-18
49683,-0.04,0.13,7.07,7.09,-18.21
49692,-0.13,0.15,6.99,6.77,-18.42
49703,-0.13,0.11,7.44,6.8,-18.63
49714,-0.22,0.11,6.81,7.19,-19.05
49723,-0.04,0.18,6.76,7.07,-18.63
49733,-0.13,0.11,7.56,6.56,-19.05
49741,-0.04,0.13,5.99,7.94,-19.68
49752,-0.04,0.23,6.68,7.16,-19.26
49761,0.04,0.19,7.53,6.56,-19.68
49772,0.04,0.18,7.24,6.87,-19.89
49782,0.13,0.14,7.07,6.82,-19.47
49791,-0.04,0.07,7.28,6.66,-19.68
49802,-0.04,0.15,6.28,7.6,-20.1
49811,0.04,0.18,7,6.77,-20.51
49822,0.04,0.17,7.2,6.87,-20.72
49831,0.04,0.17,6.92,6.95,-20.51
49841,-0.31,0.13,6.96,6.97,-20.72
49852,0.13,0.18,6.83,7.44,-20.93
49862,0.13,0.19,6.99,6.87,-20.72
49873,0.13,0.1,6.96,7.07,-20.93
49884,0.04,0.16,5.82,7.81,-21.35
49892,0.13,0.26,6.58,7.07,-20.72
49903,0.22,0.21,7.92,6.21,-20.93
49914,0.22,0.15,7.11,6.76,-21.56
49924,0.22,0.14,7.13,7.01,-20.93
49934,0.04,0.09,7.81,6.46,-21.14
49945,0.13,0.12,6.89,6.73,-21.56
49956,0.22,0.08,7.29,6.62,-21.35
49965,1.01,0.07,6.76,7.08,-21.35
49974,0.13,0.1,7.18,6.55,-22.4
49985,0.22,0.12,7.23,6.92,-21.56
49994,0.22,0.09,7.44,6.65,-21.14
50006,0.31,-0.02,7.04,6.83,-21.98
50017,0.22,0.15,6.62,7.31,-21.98
50025,0.31,0.1,8.56,5.79,-21.77
50036,0.31,0.06,8.11,6.46,-21.77
50047,0.22,-0.06,7.23,6.44,-21.77
50058,0.22,-0.06,6.6,7.03,-22.61
50066,-0.57,0.07,6.92,6.66,-21.98
50075,0.13,0.11,7.6,6.5,-21.98
50084,0.84,0.04,7.45,6.55,-21.98
50093,0.22,-0.02,7.04,6.88,-22.61
50102,0.22,0.04,6.73,7.31,-22.61
50110,0.31,0.16,6.78,7.24,-22.82
50121,0.4,0.13,6.95,7.06,-23.03
50131,0.22,0.14,6.98,7,-22.61
50140,0.31,0.11,7.09,6.87,-23.03
50151,0.4,0.12,6.7,7.3,-22.82
50161,0.13,0.22,6.13,7.45,-23.03
50171,0.31,0.15,7.68,6.25,-23.03
50182,0.4,0.17,6.9,6.91,-23.24
50191,0.48,0.14,7.17,6.91,-22.82
50200,0.4,0.13,7.1,6.83,-23.86
50208,0.4,0.15,6.79,7.15,-23.03
50219,0.4,0.14,6.88,7.02,-22.82
50230,0.4,0.12,7.52,6.93,-23.24
50239,0.57,0.2,6.68,7.39,-23.86
50247,0.48,0.18,6.87,6.76,-23.45
50257,0.48,0.16,6.91,6.93,-23.65
50266,0.4,0.17,6.47,7.5,-23.86
50274,0.48,0.23,6.67,7.03,-24.07
50282,0.22,0.19,7.67,6.38,-23.45
50291,0.48,0.2,7.93,6.21,-23.65
50300,0.48,0.05,7.54,6.24,-23.86
50309,0.57,0.03,5.92,7.96,-23.86
50318,0.4,0.15,6.27,7.59,-24.28
50327,0.57,0.25,6.66,7.55,-24.49
50336,0.57,0.28,7.39,6.55,-23.65
50345,0.57,0.12,7.97,6.4,-23.45
50355,0.57,-0.01,7.81,6.46,-23.24
50367,0.31,0.12,6.31,7.27,-24.28
50376,1.28,0.22,7.06,6.62,-23.86
50386,0.57,0.13,6.78,7,-24.28
50398,0.57,0.04,7.66,6.47,-23.86
50407,0.75,0.13,6.88,7.23,-23.86
50418,0.66,0.14,7.01,6.75,-24.07
50429,0.75,0.1,7.57,6.69,-24.07
50438,1.1,0.13,7.2,6.68,-24.07
50446,0.84,0.08,7.19,6.81,-23.86
50457,0.66,0.05,7.43,6.76,-24.07
50468,0.66,0.13,6.78,7.3,-23.86
50476,0.48,0.11,7.39,6.56,-24.7
50487,0.66,0.14,6.44,7.61,-24.07
50498,0.75,0.12,7.48,6.45,-24.07
50508,0.4,0.09,7.43,6.56,-24.07
50518,0.75,0.07,7.24,6.66,-24.28
50529,0.66,0.12,6.8,6.98,-24.07
50539,0.75,0.05,7.55,6.84,-24.07
50550,0.66,0.06,6.36,7.46,-23.86
50559,0.75,0.13,5.61,7.67,-23.65
50569,0.84,0.22,6.96,7.1,-24.28
50580,0.75,0.26,6.73,6.96,-24.28
50589,0.84,0.24,7.45,6.69,-24.28
50600,0.84,0.11,7.57,6.52,-23.65
50609,0.92,0.14,6.95,7.11,-24.07
50618,0.92,0.13,7.05,6.89,-23.86
50628,1.01,0.14,7.56,6.37,-24.07
50639,0.92,0.11,7.3,6.37,-23.24
50649,1.01,-0.02,7.65,6.26,-23.86
50658,1.01,0.05,7.24,6.72,-23.86
50669,0.75,0.05,7.82,6.28,-24.28
