38535,-2.07,0.59,5.83,6.84,-24.07,0.04,-0.04,0,0,0,5
38553,-2.42,0.58,7.61,7.22,-25.33,0.25,-0.07,0.03,0.39,-1.28,4
38571,-1.36,1.76,3.27,8.69,-27.42,0.13,-0.05,-0.21,1.07,-2.32,4
38591,-0.66,2.91,6.66,7.01,-30.77,-0.25,-0.02,-0.01,1.8,-3.9,4
38606,-1.28,1.99,10.88,3.89,-29.93,-0.25,0.02,0.11,1.26,-4.64,5
38622,-0.31,0.24,11.71,3.28,-29.93,-0.25,0.06,0.1,0.18,-4.85,4
38637,-0.48,-1.47,9.55,5.44,-24.28,0.22,0.07,0.04,-0.89,-4.1,4
38656,-1.19,-0.91,2.12,11.05,-25.54,0.25,0.05,-0.09,-0.6,-4.36,4
38673,-0.75,0.72,3.22,10.48,-25.75,-0.14,0.03,-0.06,0.41,-5.33,4
38690,-0.92,0.55,10.98,3.65,-28.89,-0.24,0.03,0.05,0.38,-5.5,4
38709,-0.92,-1.32,12.92,3.22,-25.96,0.25,0.04,0.05,-0.77,-5.32,4
38729,-1.01,-0.61,1.92,10.03,-25.75,0.25,0.03,-0.06,-0.42,-5.38,5
38749,-0.75,1.31,3.08,10.27,-31.61,-0.25,0.02,-0.04,0.78,-5.87,5
38769,-1.28,0.23,11.45,2.96,-31.4,-0.22,0.04,0.04,0.18,-6.44,5
38784,-1.72,-1.49,9.44,5.18,-29.31,0.25,0.06,0.02,-0.9,-5.69,5
38804,-1.36,-0.79,2.74,10.35,-29.73,0.25,0.03,-0.04,-0.53,-5.45,5
38823,-1.01,0.95,2.3,10.28,-32.45,0.15,0,-0.04,0.55,-6.66,5
38839,-0.57,2.01,4.73,8.65,-36.01,-0.25,0,-0.02,1.22,-7.35,5
38854,-0.4,1.16,10.89,3.25,-35.38,-0.25,0.03,0.03,0.75,-7.09,4
38870,-1.1,-0.83,9.24,6.39,-33.28,0.25,0.05,0.01,-0.5,-6.66,5
38887,-1.28,-0.56,5.75,8.2,-32.45,0.25,0.05,-0.01,-0.36,-6.02,5
38902,-0.48,1.15,3.62,9.88,-36.63,-0.25,0.03,-0.02,0.68,-6.85,4
38918,-0.4,0.7,8.7,5.4,-33.49,-0.25,0.04,0.01,0.45,-7.37,5
38934,-0.92,-1.3,9.92,4.17,-34.12,0.25,0.05,0.02,-0.78,-6.62,4
38948,-1.36,-1,3.66,9.74,-31.61,0.25,0.03,-0.02,-0.65,-6.39,4
38964,-1.28,0.55,4.54,8.75,-33.49,0.25,0,-0.01,0.32,-7.06,4
38979,-0.66,1.98,4.34,8.82,-38.94,-0.25,0,-0.01,1.2,-7.98,5
38995,-0.13,1.29,8.96,4.26,-38.1,-0.25,0.02,0.02,0.82,-8,4
39011,-0.57,-0.64,10.99,4.03,-37.05,0.25,0.05,0.02,-0.36,-7.38,5
39027,-0.4,-0.32,4.19,8.59,-35.8,0.25,0.05,-0.01,-0.22,-6.86,4
39042,-0.31,1.31,3.61,9.51,-37.26,-0.25,0.03,-0.02,0.78,-7.61,4
39061,0.4,0.5,8.82,6.26,-38.52,-0.25,0.04,0.01,0.32,-8.04,5
39076,-0.31,-1.16,10.28,4.62,-36.42,0.25,0.05,0.01,-0.69,-7.21,5
39092,-1.1,-0.72,3.94,7.57,-36.21,0.25,0.04,-0.01,-0.47,-7.4,5
39107,-0.22,0.91,5.44,7.14,-38.31,-0.06,0.02,0,0.55,-7.57,4
39125,-0.13,0.94,8.66,6.07,-41.66,-0.19,0.03,0.01,0.59,-8.42,4
39144,-0.84,-0.47,9.57,4.36,-39.77,0.25,0.04,0.01,-0.26,-7.75,4
39160,-0.75,0,4.43,9.11,-40.61,0.25,0.03,-0.01,-0.02,-7.78,5
39175,0.22,1.51,4.52,9.21,-41.45,-0.25,0.03,-0.01,0.91,-8.61,5
39189,0.31,0.92,9.24,4.55,-42.7,-0.25,0.05,0.01,0.59,-8.8,5
39209,-0.13,-1.23,9.75,5.11,-40.4,0.25,0.07,0.01,-0.74,-7.46,5
39224,-0.92,-0.89,6.11,9.16,-40.82,0.25,0.05,-0.01,-0.57,-7.66,5
39242,0.13,1.05,5.53,8.21,-41.66,-0.06,0.02,-0.01,0.63,-8.32,5
39257,0.13,1.24,8.89,5.25,-44.17,-0.25,0.03,0.01,0.78,-9.09,4
39273,0.13,-0.2,10.15,4.73,-43.54,0.08,0.05,0.01,-0.1,-8.46,4
39291,0.13,-0.45,5.95,8.84,-39.98,0.25,0.05,-0.01,-0.29,-8.33,5
39311,0.31,1.1,3.45,9.01,-42.49,-0.2,0.04,-0.01,0.65,-8.61,4
39326,-0.4,0.71,10.2,4.52,-44.59,-0.25,0.05,0.01,0.46,-9.17,5
39347,-0.66,-1.35,10.84,2.4,-42.91,0.25,0.06,0.01,-0.79,-8.09,5
39366,-0.66,-0.67,3.44,11.77,-39.77,0.25,0.05,-0.01,-0.45,-8.45,5
39386,0.22,1.49,3.66,9.32,-44.8,-0.25,0.04,-0.01,0.89,-9.12,5
39403,0.57,0.93,10.8,2.79,-46.68,-0.25,0.05,0.02,0.62,-9.55,5
39421,0.13,-1.04,9.89,5.01,-43.54,0.25,0.07,0.01,-0.62,-8.84,5
39437,0.04,-0.61,6.2,8.39,-41.24,0.25,0.06,0,-0.39,-8.45,5
39457,0.04,1.33,3.53,9.76,-45.63,-0.25,0.04,-0.01,0.79,-9.37,5
39476,0.66,0.38,11.76,3.7,-48.15,-0.18,0.05,0.01,0.27,-9.55,4
39492,0.48,-1.02,10.22,4.42,-43.12,0.25,0.06,0.01,-0.6,-8.84,5
39507,0.22,-0.44,3.63,9.54,-45.22,0.25,0.05,-0.01,-0.3,-8.53,4
39523,0.75,1.25,4.06,8.28,-46.47,-0.21,0.03,-0.01,0.75,-9.37,4
39539,0.66,0.85,9.88,4.65,-50.03,-0.2,0.04,0.01,0.55,-9.55,4
39558,0.22,-0.89,10.66,4.06,-44.59,0.25,0.05,0.01,-0.52,-9.09,5
39577,0.48,-0.12,4.72,8.39,-43.96,0.25,0.05,-0.01,-0.1,-8.87,4
39593,0.48,1.46,3.59,9.22,-49.82,-0.25,0.05,-0.01,0.87,-9.75,5
39607,0.57,1,8.7,5.54,-49.19,-0.25,0.07,0.01,0.64,-9.84,5
39623,0.92,-0.77,10.39,2.94,-46.26,-0.02,0.09,0.01,-0.44,-9.34,5
39640,-0.04,-1.5,8.42,6.17,-45.84,0.25,0.08,0,-0.91,-9.08,5
39654,0.13,-0.42,3.81,8.83,-46.89,0.25,0.05,-0.01,-0.29,-9.08,5
39671,0.57,1.32,3.38,9.6,-48.57,-0.25,0.04,-0.01,0.78,-10.21,5
39690,1.19,0.61,9.34,4.84,-50.45,-0.25,0.05,0.01,0.4,-9.71,5
39708,-0.31,-1.34,9.43,6.72,-47.1,0.25,0.06,0,-0.82,-8.92,5
39723,-0.13,-0.89,4.2,9.59,-45.01,0.25,0.04,-0.01,-0.58,-9.54,4
39743,-0.13,1.03,4.78,8.3,-48.57,0.17,0.01,-0.01,0.62,-10.38,5
39762,1.1,2.55,5.84,7.99,-52.96,-0.25,0.03,0,1.57,-11.17,4
39780,1.45,1.71,11.9,3.39,-54.22,-0.25,0.07,0.01,1.1,-10.85,5
39797,0.84,-0.14,9.68,5.39,-51.71,-0.25,0.1,0.01,-0.07,-10.22,5
39813,0.22,-1.91,9.7,4.62,-47.52,0.25,0.09,0.01,-1.15,-9.3,5
39832,0.66,-1.12,3.98,10.02,-46.89,0.25,0.06,-0.01,-0.73,-9.54,5
39851,1.01,1.01,4.04,9.01,-50.03,0.05,0.03,-0.01,0.6,-10.08,4
39870,0.92,1.86,7.09,6.53,-54.85,-0.25,0.04,0,1.15,-10.92,5
39886,0.84,0.91,9.85,4.63,-53.17,-0.25,0.06,0.01,0.59,-10.34,4
39902,1.19,-0.73,12.1,2.6,-48.15,0.13,0.08,0.01,-0.41,-9.93,4
39920,1.28,-0.67,6.7,7.96,-48.77,0.25,0.07,0,-0.42,-9.83,4
39936,1.45,0.75,3.72,9.32,-49.61,-0.07,0.05,-0.01,0.43,-10.33,4
39952,1.72,1.12,8.19,6.06,-53.59,-0.25,0.05,0,0.7,-10.63,4
39968,1.45,-0.11,9.36,4.64,-52.54,0.11,0.07,0.01,-0.05,-10.38,4
39984,1.54,-0.33,4.73,8.81,-53.8,0.25,0.07,-0.01,-0.23,-9.96,5
40000,1.28,1.18,3.92,9.06,-50.45,-0.25,0.06,-0.01,0.7,-10.21,4
40016,1.89,0.76,9.85,3.91,-53.17,-0.25,0.08,0.01,0.5,-10.89,4
40032,1.72,-0.85,9.21,4.05,-51.08,0.21,0.09,0.01,-0.5,-9.67,5
40048,1.45,-0.6,5.11,7.4,-48.77,0.25,0.08,0,-0.38,-9.71,4
40063,1.8,1.07,2.48,10.47,-48.77,-0.25,0.06,-0.01,0.62,-10.37,5
40080,1.36,0.51,10.64,4.43,-52.12,-0.22,0.06,0.01,0.34,-10.47,4
40100,1.54,-1.22,11.22,3.79,-47.73,0.25,0.07,0.01,-0.72,-9.76,4
40118,1.19,-0.5,5.64,7.88,-45.84,0.25,0.06,0,-0.32,-9.46,4
40136,1.89,1.52,4.87,8,-54.43,-0.25,0.05,0,0.92,-10.75,4
40154,2.33,1,8.47,6.2,-52.33,-0.25,0.07,0,0.63,-10.76,4
40172,1.72,-0.87,12.64,2.41,-47.73,0.02,0.1,0.01,-0.49,-9.63,4
40188,1.45,-1.32,7.5,5.75,-47.31,0.25,0.09,0,-0.8,-9.46,4
40207,1.36,0.14,2.88,10.67,-47.1,0.08,0.06,-0.01,0.05,-9.54,4
40225,1.72,1.18,6.15,8.29,-51.5,-0.25,0.06,0,0.72,-10.75,5
40240,1.72,0.24,10.32,4.4,-52.12,-0.19,0.07,0.01,0.17,-10.26,5
40257,1.45,-1.23,9.01,5.69,-48.98,0.25,0.08,0,-0.74,-9.63,4
40273,0.92,-0.47,4.38,8.23,-46.89,0.25,0.06,-0.01,-0.31,-9.41,4
40292,1.8,1.58,3.69,9.19,-51.29,-0.25,0.06,-0.01,0.95,-10.37,5
40311,1.45,0.83,11.16,3.61,-53.17,-0.25,0.08,0.01,0.55,-10.64,4
40327,1.72,-0.72,11.96,2.41,-51.08,-0.03,0.1,0.01,-0.4,-9.84,5
40347,1.36,-1.45,6.76,6.92,-47.1,0.25,0.09,0,-0.9,-9.5,5
40363,0.66,-0.39,3.76,9.18,-46.47,0.25,0.07,-0.01,-0.27,-9.5,4
40379,1.45,1.46,3.48,9.51,-51.71,-0.25,0.06,-0.01,0.87,-10.29,4
40396,1.63,1.08,9.42,4.79,-53.17,-0.25,0.08,0.01,0.69,-10.22,4
40412,1.19,-0.8,9.16,6.07,-47.94,-0.05,0.1,0,-0.48,-10.01,5
40431,1.19,-1.65,6.94,7.41,-46.68,0.25,0.09,0,-1.02,-9.25,4
40451,1.1,-0.09,4.81,8.84,-48.15,0.25,0.06,-0.01,-0.08,-9.45,5
40472,1.36,2.13,4.49,8.41,-52.54,-0.25,0.05,-0.01,1.29,-10.5,4
40487,1.98,1.64,9.68,3.65,-55.47,-0.25,0.07,0.01,1.04,-10.97,4
40502,1.45,-0.03,9.96,5.36,-51.5,-0.25,0.11,0.01,0,-10.26,5
40519,1.28,-1.5,10.51,3.46,-47.94,0.13,0.12,0.01,-0.89,-9.26,4
40539,0.66,-1.18,4.23,8.84,-46.89,0.25,0.09,-0.01,-0.76,-9.29,4
40557,1.28,0.58,3.64,8.97,-49.82,-0.06,0.06,-0.01,0.33,-10,5
40577,1.45,0.87,8.43,5.77,-52.54,-0.25,0.07,0,0.55,-10.51,5
40597,1.36,-0.22,7.37,6.13,-51.08,-0.01,0.08,0,-0.13,-10.3,4
40617,1.28,-0.63,7.37,6.88,-49.19,0.21,0.08,0,-0.39,-9.88,4
40637,1.28,-0.11,5.78,7.8,-48.77,0.16,0.07,0,-0.08,-9.92,5
40653,1.45,0.45,6.65,7.14,-51.08,-0.03,0.06,0,0.28,-10.21,5
40669,1.45,0.48,7.57,6.39,-51.29,-0.13,0.06,0,0.3,-10.21,4
40688,1.28,-0.09,9.29,4.76,-49.82,0.05,0.07,0.01,-0.03,-10.01,4
40707,1.28,0.06,6.22,7.96,-49.82,0.09,0.06,0,0.03,-10.04,4
40724,1.45,0.5,5.28,8.39,-50.24,-0.11,0.06,0,0.29,-10.29,5
40743,1.45,0.21,8.27,5.41,-50.5,-0.08,0.07,0,0.15,-10.17,5
40800,0.57,-1.59,7.35,6.27,-46.68,0.25,0.05,0,-0.98,-9.33,5
40820,0.31,-1.39,5.62,7.77,-46.26,0.25,0.02,0,-0.87,-9.25,4
40836,0.04,-0.87,6.7,7.1,-47.94,0.25,0,0,-0.54,-9.67,5
40854,0.31,-0.43,6.09,8.25,-48.57,0.25,-0.02,0,-0.28,-9.79,4
40871,-0.13,-0.03,6.5,7.48,-50.03,0.25,-0.03,0,-0.02,-10.13,4
40888,0.04,0.39,6.69,7.06,-51.29,0.25,-0.03,0,0.24,-10.21,5
40904,0.22,0.82,6.04,7.29,-52.96,0.25,-0.03,0,0.5,-10.75,4
40920,0.4,1.14,6.72,7.19,-53.59,0.25,-0.02,0,0.7,-10.8,4
40935,0.75,1.52,6.08,7.83,-54.43,0.11,-0.01,0,0.93,-10.96,5
40951,1.28,1.96,6.44,7.63,-56.1,-0.25,0.02,0,1.21,-11.3,5
40966,1.54,1.8,8.98,5.5,-56.52,-0.25,0.05,0.01,1.13,-11.09,4
40982,1.89,1.16,8.92,5.79,-54.43,-0.25,0.08,0.01,0.73,-10.84,4
40996,1.89,0.7,8.45,6.22,-53.59,-0.25,0.1,0,0.44,-10.72,4
41012,1.89,0.23,8.52,5.83,-52.75,-0.25,0.11,0,0.16,-10.59,4
41026,1.98,-0.17,8.88,6.16,-51.29,-0.25,0.11,0,-0.09,-10.34,4
41042,1.8,-0.69,8.5,5.37,-50.03,-0.05,0.11,0,-0.41,-10.05,4
41059,1.36,-1.11,7.28,7.08,-49.19,0.25,0.1,0,-0.69,-9.84,4
41075,1.89,-0.84,6.73,7.05,-48.77,0.25,0.08,0,-0.52,-9.88,4
41094,1.19,-0.19,6.18,7.02,-50.45,0.18,0.07,0,-0.12,-10.13,4
41112,1.36,0.32,5.92,7.47,-51.29,0,0.06,0,0.19,-10.21,5
41129,0.84,0.5,7.45,6.41,-52.54,-0.1,0.06,0,0.31,-10.46,5
41147,1.36,0.08,8.53,6.2,-52.33,-0.03,0.07,0,0.06,-10.38,4
41166,1.28,-0.3,8.27,5.71,-50.87,0.13,0.07,0,-0.17,-10.13,4
41186,1.28,0.13,7.22,6.69,-50.03,0.01,0.07,0,0.08,-10.09,5
41204,1.54,0.41,7.36,5.87,-51.71,-0.15,0.07,0,0.26,-10.46,4
41224,1.54,-0.12,9.48,5,-52.12,0,0.07,0.01,-0.05,-10.22,4
41243,1.28,-0.35,7.76,6.54,-50.45,0.22,0.07,0,-0.21,-10.21,4
41262,1.1,0.11,6.54,7.56,-51.29,0.13,0.06,0,0.06,-10.21,5
41277,1.45,0.65,6.67,6.81,-52.75,-0.11,0.06,0,0.4,-10.46,5
41294,1.36,0.36,7.98,6.3,-51.91,-0.1,0.06,0,0.23,-10.46,4
41312,1.19,-0.2,7.75,5.79,-51.08,0.12,0.07,0,-0.11,-10.26,4
41328,1.19,-0.01,5.62,8.8,-50.87,0.09,0.07,0,-0.02,-10.04,4
41345,1.45,0.48,6.14,7.73,-52.12,-0.12,0.06,0,0.29,-10.55,4
41363,1.54,0.24,6.6,7.47,-51.5,-0.02,0.06,0,0.14,-10.17,4
41379,1.45,0,7.1,6.45,-51.5,0.17,0.06,0,0,-10.34,4
41396,1.54,0.35,7.23,6.93,-51.91,0.02,0.06,0,0.22,-10.38,4
41412,0.92,0.58,7.11,6.49,-52.33,-0.15,0.06,0,0.36,-10.38,4
41428,2.33,0.28,7.98,6.01,-52.33,-0.1,0.07,0,0.18,-10.34,4
41444,1.89,-0.25,8.65,5.46,-51.5,0.03,0.08,0,-0.14,-10.13,5
41459,1.45,-0.24,6.9,6.58,-50.24,0.07,0.08,0,-0.15,-10.04,4
41475,1.45,0.17,6.46,7.69,-50.03,-0.03,0.07,0,0.1,-10.04,4
41491,1.72,0.28,7.46,6.14,-51.29,-0.07,0.07,0,0.18,-10.25,4
41507,1.63,-0.05,8.06,6.07,-51.08,0.04,0.07,0,-0.02,-10.21,5
41523,1.54,0.06,6.46,7.05,-51.08,0.04,0.07,0,0.03,-10.34,4
41537,1.72,0.34,7.08,6.47,-50.66,-0.11,0.07,0,0.21,-10.3,4
41552,1.8,0.1,7.96,5.67,-51.08,-0.06,0.07,0,0.08,-10.21,4
41568,1.63,-0.31,7.91,5.61,-50.45,0.13,0.07,0,-0.18,-10.05,5
41582,1.54,-0.13,7.53,6.04,-49.61,0.11,0.07,0,-0.07,-10.05,4
41597,1.72,0.36,5.98,7.32,-50.87,-0.04,0.06,0,0.22,-10.17,5
41614,1.8,0.4,7.97,5.82,-51.5,-0.1,0.06,0,0.26,-10.26,4
41630,1.8,-0.02,8.58,6,-50.87,0.02,0.07,0,0,-10.13,4
41647,1.54,-0.12,6.25,7.07,-50.24,0.08,0.07,0,-0.08,-10.04,4
41663,1.89,0.28,6.68,6.78,-50.87,-0.07,0.07,0,0.18,-10.09,4
41679,1.98,0.2,7.83,6.17,-50.66,-0.1,0.07,0,0.13,-10.21,5
41696,1.72,-0.32,9.3,5.53,-49.82,0.09,0.07,0.01,-0.18,-9.96,4
41712,1.63,-0.13,6.18,6.96,-49.61,0.11,0.07,0,-0.08,-9.88,4
41729,1.89,0.45,6.22,7.48,-50.66,-0.13,0.07,0,0.27,-10.04,4
41748,1.89,0.22,8.06,6.01,-50.66,-0.17,0.08,0,0.14,-10.17,4
41768,1.72,-0.43,9.61,5.15,-48.98,0.05,0.08,0.01,-0.24,-9.84,4
41789,1.63,-0.34,6.66,7.12,-48.77,0.13,0.07,0,-0.21,-9.54,5
41807,1.72,0.29,6.65,7.34,-50.45,-0.08,0.07,0,0.18,-10.04,5
41823,1.98,0.21,8.96,5.67,-50.87,-0.13,0.07,0.01,0.15,-10.13,4
41843,1.45,-0.48,7.53,6.2,-49.19,0.15,0.07,0,-0.29,-9.84,4
41863,1.45,-0.17,6.43,7.09,-48.57,0.16,0.07,0,-0.11,-9.67,4
41880,1.72,0.49,7.03,6.91,-49.61,-0.07,0.06,0,0.3,-10.04,5
41897,1.36,0.34,7.79,5.71,-50.24,-0.13,0.06,0,0.22,-10.09,5
41913,1.63,-0.21,8.66,5.69,-49.4,0.07,0.07,0,-0.11,-9.84,4
41932,1.54,0.06,6.67,7.68,-49.19,0.05,0.07,0,0.03,-9.83,4
41947,1.98,0.52,6.33,7.62,-50.45,-0.17,0.06,0,0.32,-10,4
41967,1.63,0.21,8.66,4.81,-50.24,-0.13,0.07,0.01,0.15,-9.92,5
41985,1.63,-0.35,8.88,5,-48.77,0.1,0.07,0.01,-0.2,-9.67,5
42003,1.54,0,5.73,8.31,-48.77,0.12,0.06,0,-0.01,-9.71,4
42020,2.51,0.62,5.66,7.59,-49.4,-0.14,0.06,0,0.37,-10.04,4
42040,1.72,0.24,9.34,4.48,-49.61,-0.18,0.07,0.01,0.18,-9.88,4
42060,1.72,-0.35,8.64,4.89,-48.36,0.03,0.08,0.01,-0.2,-9.63,4
42076,1.45,-0.32,6.56,7.74,-48.15,0.11,0.07,0,-0.21,-9.58,5
42096,1.36,0.23,7.31,6.59,-48.77,-0.11,0.07,0,0.14,-9.71,5
42113,1.63,0.03,8.17,5.75,-48.77,-0.09,0.07,0,0.03,-9.71,5
42129,1.54,-0.4,7.76,5.94,-47.52,0.14,0.07,0,-0.24,-9.67,4
42147,1.54,-0.21,6.27,7.75,-47.31,0.15,0.06,0,-0.14,-9.67,5
42166,0.92,0.44,6.23,7.38,-48.98,-0.06,0.06,0,0.27,-9.79,4
42182,1.72,0.34,7.63,7.24,-48.98,-0.08,0.06,0,0.21,-9.79,5
42201,1.54,-0.23,8.56,6.56,-48.57,0.15,0.06,0,-0.13,-9.63,5
42221,1.72,0.03,7.21,7.81,-47.52,0.1,0.06,0,0.01,-9.67,4
42237,1.72,0.61,5.48,8.34,-48.15,-0.17,0.06,0,0.36,-9.67,4
42253,1.98,0.49,7.94,6.23,-49.4,-0.25,0.07,0,0.31,-9.84,4
42269,1.89,0,8.47,5.7,-48.77,-0.13,0.08,0,0.02,-9.63,4
42289,1.63,-0.66,9.58,4.79,-47.1,0.14,0.08,0.01,-0.39,-9.3,4
42309,1.98,-0.33,5.62,7.77,-46.89,0.23,0.06,0,-0.21,-9.29,5
42325,1.54,0.29,5.63,7.77,-47.31,0.05,0.05,0,0.17,-9.54,4
42345,1.8,0.82,6.74,6.75,-49.19,-0.22,0.05,0,0.51,-9.88,4
42362,2.07,0.47,8.24,6.14,-49.4,-0.23,0.07,0,0.3,-9.67,5
42377,1.98,-0.08,8.68,5.31,-48.15,-0.14,0.08,0.01,-0.03,-9.55,4
42393,2.33,-0.5,8.29,5.67,-46.68,0.01,0.09,0,-0.29,-9.34,4
42409,1.63,-0.58,7.07,7.05,-46.26,0.14,0.08,0,-0.36,-9.17,4
42424,1.19,-0.18,6.22,7.69,-47.1,0.15,0.07,0,-0.12,-9.21,4
42441,1.54,0.39,6.14,7.99,-47.31,-0.09,0.06,0,0.23,-9.37,4
42458,1.63,0.24,8.81,5.75,-47.73,-0.09,0.06,0,0.17,-9.54,5
42477,0.92,-0.4,8.43,5.49,-46.47,0.21,0.06,0,-0.23,-9.29,5
42493,1.45,-0.29,5.95,8.33,-46.26,0.25,0.05,0,-0.19,-9.16,4
42513,1.54,0.37,6.08,7.45,-47.31,0.06,0.05,0,0.22,-9.46,4
42529,2.42,0.94,6.27,7.13,-48.77,-0.24,0.05,0,0.58,-9.83,4
42548,1.98,0.62,8.52,5.88,-48.98,-0.25,0.06,0,0.4,-9.67,5
42564,1.98,0.01,8.65,5.84,-46.68,-0.13,0.07,0,0.02,-9.46,4
42582,1.8,-0.47,8.06,5.67,-45.84,0.14,0.07,0,-0.28,-9.17,4
42602,1.54,-0.03,6.48,7.19,-45.22,0.08,0.06,0,-0.02,-9.33,4
42623,1.98,0.67,6.81,7.15,-47.52,-0.21,0.06,0,0.41,-9.54,5
42643,1.89,0.36,7.41,6.75,-47.31,-0.21,0.07,0,0.23,-9.42,5
42663,1.8,-0.25,8.29,6.41,-46.05,0.03,0.07,0,-0.14,-9.13,5
42682,2.07,-0.24,6.91,6.68,-45.22,0.1,0.07,0,-0.15,-9.17,5
42703,1.98,0.35,5.97,7.62,-46.05,-0.08,0.06,0,0.21,-9.29,5
42723,2.07,0.17,8.68,5.59,-45.84,-0.11,0.06,0,0.12,-9.29,5
42743,1.63,-0.44,8.15,5.86,-45.43,0.11,0.07,0,-0.26,-9.04,5
42763,1.63,-0.13,6.82,7.96,-45.84,0.06,0.07,0,-0.09,-9,5
42783,1.98,0.51,7.15,6.58,-45.84,-0.24,0.07,0,0.32,-9.38,4
42799,2.07,0.34,9.08,5.64,-46.47,-0.22,0.07,0.01,0.23,-9.29,4
42815,1.98,-0.18,8.95,5.9,-45.63,-0.04,0.07,0,-0.09,-9.08,5
42833,1.8,-0.55,7.59,6.41,-44.38,0.21,0.07,0,-0.33,-8.83,5
42853,1.8,-0.12,6.34,7.62,-43.54,0.1,0.06,0,-0.08,-8.91,5
42873,1.98,0.66,5.68,7.34,-45.63,-0.23,0.06,0,0.4,-9.16,4
42894,2.07,0.4,8.86,5.64,-46.26,-0.25,0.07,0.01,0.26,-9.38,4
42913,2.16,-0.29,8.97,5.35,-44.38,-0.07,0.08,0.01,-0.16,-8.83,5
42929,1.8,-0.64,7.45,6.3,-43.12,0.14,0.08,0,-0.39,-8.66,5
42948,1.72,-0.27,6.6,7.38,-43.33,0.09,0.07,0,-0.17,-8.75,5
42964,1.72,0.31,6.85,7.18,-44.38,-0.09,0.06,0,0.19,-8.87,5
42980,1.63,0.12,8.53,5.55,-44.38,-0.08,0.06,0,0.09,-8.88,5
42998,1.63,-0.39,8.28,6.09,-43.33,0.18,0.06,0,-0.23,-8.71,4
43018,1.54,-0.04,6.52,7.74,-42.7,0.1,0.06,0,-0.03,-8.79,5
43035,1.72,0.56,7.01,7.02,-44.38,-0.13,0.05,0,0.34,-8.96,4
43055,1.89,0.28,8.76,5.58,-43.96,-0.14,0.06,0.01,0.19,-8.96,4
43071,1.8,-0.24,8.68,5.34,-43.75,0.09,0.06,0.01,-0.13,-8.67,4
43091,1.72,0.17,5.85,8.1,-43.75,-0.01,0.06,0,0.09,-8.62,5
43107,1.89,0.27,8.01,5.92,-43.96,-0.15,0.06,0,0.18,-8.83,4
43125,1.72,-0.11,8.21,6.06,-44.38,-0.01,0.07,0,-0.05,-8.5,4
43140,1.63,-0.26,6.74,7.17,-43.33,0.09,0.07,0,-0.16,-8.62,4
43158,1.8,0.22,7.29,7.18,-43.33,-0.06,0.06,0,0.13,-8.71,4
43174,1.89,0.15,8.3,6.18,-43.75,-0.09,0.06,0,0.11,-8.75,4
43189,1.54,-0.37,8.34,6.33,-42.08,0.13,0.06,0,-0.22,-8.54,4
43204,1.54,-0.13,6.05,8.04,-42.49,0.12,0.06,0,-0.09,-8.41,4
43222,1.63,0.52,6.15,8.03,-42.91,-0.2,0.06,0,0.31,-8.83,4
43241,1.8,0.27,9.1,5.3,-43.54,-0.21,0.06,0.01,0.18,-8.79,4
43261,1.63,-0.38,9.25,4.61,-42.08,0.07,0.07,0.01,-0.21,-8.37,5
43276,1.63,-0.2,6.73,7.08,-42.08,0.12,0.06,0,-0.12,-8.29,4
43294,1.8,0.46,7.03,7.23,-43.12,-0.07,0.05,0,0.28,-8.41,4
43312,1.8,0.34,7.39,6.24,-43.75,-0.1,0.05,0,0.21,-8.79,5
43332,1.54,-0.28,7.93,5.62,-42.08,0.09,0.06,0,-0.16,-8.33,5
43352,1.45,0.01,6.83,7.02,-41.45,0.09,0.06,0,0.01,-8.41,4
43369,1.98,0.66,5.71,7.63,-42.91,-0.18,0.05,0,0.4,-8.7,4
43387,1.98,0.45,8.52,5.3,-43.75,-0.23,0.06,0.01,0.29,-8.71,5
43408,1.89,-0.22,8.06,6.8,-41.66,0,0.07,0,-0.13,-8.33,5
43424,1.8,-0.34,6.88,6.85,-40.61,0.12,0.06,0,-0.21,-8.12,4
43440,1.98,0.08,5.42,7.97,-42.08,0.03,0.05,0,0.04,-8.28,4
43457,2.42,0.53,7.31,6.73,-43.33,-0.13,0.05,0,0.33,-8.58,4
43477,2.07,0.18,8.91,5.72,-42.49,-0.05,0.05,0,0.13,-8.37,4
43492,1.63,-0.23,7.47,5.68,-41.45,0.14,0.06,0,-0.13,-8.08,4
43511,1.98,0.16,6.03,7.95,-41.45,-0.02,0.06,0,0.09,-8.45,5
43526,2.16,0.4,6.99,7.01,-41.66,-0.2,0.06,0,0.25,-8.41,4
43542,1.54,0.05,8.21,5.72,-41.24,-0.12,0.07,0,0.04,-8.12,4
43559,2.16,-0.56,8.14,5.61,-40.19,0.12,0.07,0,-0.33,-8,4
43576,1.72,-0.24,6.65,6.86,-39.98,0.15,0.06,0,-0.15,-7.91,4
43592,1.98,0.36,6.45,7.28,-40.19,-0.08,0.05,0,0.22,-8.2,4
43611,1.89,0.19,8.4,5.16,-41.87,-0.09,0.05,0.01,0.14,-8.21,5
43626,1.8,-0.35,8.77,5.79,-40.4,0.15,0.06,0,-0.2,-8.04,4
43645,1.72,-0.07,5.38,7.99,-39.15,0.12,0.05,0,-0.06,-7.99,4
43665,1.98,0.64,6.77,7.49,-40.61,-0.15,0.05,0,0.39,-8.08,4
43682,2.07,0.51,8.86,5.46,-42.49,-0.21,0.06,0.01,0.34,-8.37,5
43702,1.98,-0.16,7.68,6.48,-39.77,-0.05,0.07,0,-0.1,-8.04,5
43718,1.72,-0.47,7.43,6.59,-39.35,0.15,0.06,0,-0.29,-7.79,5
43734,1.54,-0.17,5.98,7.58,-39.35,0.11,0.06,0,-0.12,-7.7,4
43750,1.89,0.47,5.99,7.37,-39.98,-0.15,0.05,0,0.28,-7.91,4
43767,1.98,0.33,8.46,5.6,-39.98,-0.17,0.05,0,0.22,-7.91,5
43781,1.8,-0.19,8.78,5.55,-39.35,0.07,0.06,0,-0.1,-7.83,4
43797,1.72,-0.07,7.15,6.64,-38.31,0.06,0.05,0,-0.04,-7.78,4
43812,1.98,0.43,6.58,7.03,-39.35,-0.14,0.05,0,0.26,-7.99,4
43828,2.07,0.33,7.55,6.27,-39.35,-0.15,0.05,0,0.21,-7.99,4
43843,1.89,-0.18,8.21,5.55,-39.35,0.03,0.06,0,-0.09,-7.79,4
43863,1.89,-0.12,6.08,7.84,-38.31,0.09,0.05,0,-0.09,-7.66,4
43878,2.07,0.36,6.33,7.23,-38.31,-0.1,0.05,0,0.22,-7.78,5
43895,2.07,0.25,8.83,5.59,-39.15,-0.12,0.05,0.01,0.17,-7.87,4
43912,1.8,-0.23,8.04,6.79,-38.52,0.05,0.06,0,-0.14,-7.66,4
43927,2.07,-0.1,6.63,6.97,-38.94,0.08,0.06,0,-0.06,-7.45,4
43944,1.98,0.44,7.47,6.86,-38.94,-0.17,0.05,0,0.27,-7.78,4
43959,1.8,0.25,7.96,6.82,-38.1,-0.22,0.06,0,0.16,-7.79,4
43975,1.89,-0.28,8.77,5.61,-37.26,-0.07,0.07,0,-0.16,-7.58,4
43990,1.89,-0.65,8.29,5.84,-37.26,0.13,0.07,0,-0.39,-7.37,4
44006,1.63,-0.39,6.98,7.22,-36.84,0.14,0.06,0,-0.24,-7.24,4
44021,1.72,0.18,6.45,7.32,-37.89,-0.05,0.05,0,0.11,-7.62,4
44041,1.63,0.13,7.84,5.59,-38.31,-0.08,0.05,0,0.09,-7.58,5
44057,1.63,-0.38,8.82,5.4,-37.26,0.11,0.06,0,-0.21,-7.33,4
44078,1.36,0.02,6.3,7.76,-36.63,0,0.06,0,0.01,-7.32,5
44096,1.72,0.31,7.24,6.71,-37.89,-0.17,0.06,0,0.2,-7.7,4
44116,1.63,-0.13,8.53,5.41,-37.89,-0.06,0.06,0,-0.06,-7.49,4
44132,1.1,-0.59,8.19,6.3,-36.21,0.17,0.06,0,-0.35,-7.12,4
44150,1.28,-0.29,5.75,8.1,-36.21,0.16,0.05,0,-0.19,-7.24,5
44166,1.45,0.36,7.12,7.03,-37.05,-0.06,0.05,0,0.23,-7.53,4
44186,1.45,0.23,8.14,5.89,-37.47,-0.13,0.05,0,0.16,-7.58,4
44204,1.28,-0.38,8.25,6.12,-36.63,0.07,0.06,0,-0.23,-7.28,4
44224,1.28,-0.06,6.68,7.14,-35.8,0.04,0.06,0,-0.04,-7.45,4
44245,1.36,0.46,6.93,6.56,-37.26,-0.2,0.05,0,0.28,-7.58,4
44265,1.36,0.08,7.55,6.27,-37.47,-0.14,0.06,0,0.06,-7.37,4
44285,1.01,-0.63,8.32,6.05,-35.59,0.16,0.06,0,-0.38,-7.16,5
44305,1.1,-0.35,6.58,7.38,-34.96,0.22,0.05,0,-0.22,-7.11,4
44326,1.28,0.35,6.66,7.04,-36.84,-0.01,0.04,0,0.22,-7.41,5
44345,1.36,0.47,7.41,6.57,-38.1,-0.17,0.04,0,0.3,-7.53,4
44365,1.28,-0.01,8.48,5.53,-36.84,-0.02,0.05,0,0.01,-7.41,4
44385,1.28,-0.39,7.29,6.53,-35.38,0.15,0.05,0,-0.23,-7.03,4
44405,1.28,0.13,5.87,7.72,-36.21,0.01,0.05,0,0.07,-7.11,4
44421,1.63,0.41,7.07,6.42,-36.63,-0.15,0.05,0,0.26,-7.41,4
44436,1.28,0.08,8.22,6.06,-36.21,-0.09,0.05,0,0.06,-7.37,4
44452,1.28,-0.48,8.67,5.8,-35.17,0.14,0.06,0,-0.28,-7.16,4
44467,1.01,-0.31,5.9,7.14,-35.8,0.22,0.05,0,-0.2,-7.03,4
44483,1.28,0.22,6.54,7.33,-36.42,0.04,0.04,0,0.13,-7.2,5
44501,1.36,0.68,7.01,6.73,-37.05,-0.21,0.04,0,0.42,-7.49,4
44520,1.36,0.33,8.58,5.3,-37.47,-0.21,0.05,0.01,0.22,-7.54,4
44536,1.28,-0.29,7.46,6.53,-35.8,0.03,0.06,0,-0.18,-7.03,4
44557,1.19,-0.32,6.61,7.69,-35.38,0.04,0.06,0,-0.2,-6.95,5
44573,1.1,0.05,7.13,6.37,-36.01,-0.07,0.06,0,0.03,-7.2,4
44589,1.28,-0.07,8.4,5.94,-35.8,-0.07,0.06,0,-0.03,-7.28,4
44606,1.01,-0.56,8.15,6.06,-35.59,0.15,0.06,0,-0.34,-7.03,5
44624,1.1,-0.34,5.99,7.7,-35.17,0.14,0.05,0,-0.22,-7.16,4
44645,1.01,0.33,6.12,7.1,-35.59,-0.09,0.05,0,0.2,-7.24,4
44662,1.45,0.1,9.24,5.38,-36.63,-0.1,0.05,0.01,0.08,-7.33,5
44682,0.92,-0.56,7.79,6.02,-35.38,0.15,0.06,0,-0.34,-7.07,4
44698,0.57,-0.42,6.93,6.8,-35.17,0.21,0.05,0,-0.26,-7.03,5
44718,0.92,0.19,6.73,6.71,-36.21,0.06,0.04,0,0.12,-7.32,4
44734,1.45,0.59,5.69,8.11,-37.05,-0.13,0.04,0,0.35,-7.41,4
44750,1.01,0.34,7.7,6.1,-37.05,-0.13,0.04,0,0.22,-7.41,4
44765,1.01,-0.19,8.77,5.49,-36.42,0.09,0.05,0,-0.1,-7.24,4
44782,0.57,-0.03,6.18,7.6,-36.21,0.05,0.05,0,-0.03,-7.16,4
44798,1.19,0.46,6.54,7.02,-37.05,-0.14,0.05,0,0.28,-7.41,5
44815,1.01,0.11,8.35,5.6,-36.01,-0.1,0.05,0,0.08,-7.37,5
44831,0.04,-0.44,8.46,5.8,-36.01,0.19,0.05,0,-0.26,-7.16,4
44849,0.75,-0.24,7,6.72,-35.8,0.2,0.05,0,-0.15,-7.2,4
44864,0.92,0.27,6.48,6.81,-37.05,0.04,0.04,0,0.17,-7.32,4
44880,1.01,0.57,6.69,7.58,-38.1,-0.11,0.04,0,0.35,-7.57,5
44897,1.1,0.23,7.9,4.98,-37.89,-0.07,0.05,0.01,0.16,-7.58,5
44914,0.84,-0.29,8.86,5.53,-36.84,0.14,0.05,0,-0.16,-7.33,5
44930,1.54,-0.12,5.88,7.74,-36.42,0.17,0.04,0,-0.08,-7.24,4
44949,1.1,0.51,6.16,7.39,-38.52,-0.09,0.04,0,0.31,-7.66,4
44969,1.1,0.18,9.04,4.92,-37.26,-0.08,0.05,0.01,0.13,-7.58,5
44985,0.92,-0.42,9.24,4.7,-36.84,0.19,0.05,0.01,-0.24,-7.2,4
45002,1.45,-0.25,6.51,6.94,-36.63,0.23,0.04,0,-0.16,-7.24,4
45018,1.01,0.32,6.07,7.82,-37.47,0.03,0.04,0,0.19,-7.45,4
45034,1.1,0.59,6.79,6.56,-37.89,-0.19,0.04,0,0.37,-7.62,4
45051,1.19,0.26,7.18,7.09,-38.1,-0.09,0.05,0,0.16,-7.53,4
45069,1.1,-0.45,8.43,5.76,-36.42,0.21,0.05,0,-0.27,-7.33,5
45085,0.84,-0.32,6.03,7.49,-36.84,0.25,0.04,0,-0.21,-7.24,4
45102,1.1,0.28,6.43,7.41,-36.63,0.01,0.04,0,0.17,-7.53,5
45120,1.28,0.5,7.84,6.19,-38.31,-0.12,0.04,0,0.32,-7.7,5
45138,1.28,0.06,7.7,6.29,-38.31,-0.02,0.05,0,0.05,-7.53,4
45156,1.1,-0.27,6.89,6.5,-36.84,0.12,0.05,0,-0.17,-7.49,4
45174,1.1,0.09,7.34,6.56,-37.68,0.04,0.05,0,0.06,-7.28,4
45189,1.19,0.44,6.62,7.86,-38.31,-0.09,0.04,0,0.27,-7.7,4
45207,1.72,0.12,9.63,5.3,-38.1,-0.04,0.05,0.01,0.1,-7.66,5
45227,1.01,-0.39,7.32,7.36,-37.26,0.17,0.05,0,-0.24,-7.32,4
45243,1.01,-0.15,6.87,7.09,-37.47,0.16,0.05,0,-0.09,-7.37,4
45263,1.19,0.51,6.63,6.87,-37.89,-0.12,0.05,0,0.31,-7.7,4
45283,1.28,0.18,7.94,6.48,-39.15,-0.1,0.05,0,0.12,-7.7,4
45300,1.1,-0.48,8.27,6.39,-37.26,0.2,0.05,0,-0.29,-7.58,4
45316,1.01,-0.31,6.33,7.19,-37.47,0.25,0.04,0,-0.19,-7.45,4
45334,1.1,0.28,6.47,7.84,-37.68,0.14,0.03,0,0.17,-7.62,4
45353,1.28,0.89,6.17,7.13,-38.94,-0.17,0.03,0,0.55,-7.87,4
45373,1.36,0.57,8.84,5.25,-39.77,-0.21,0.05,0.01,0.37,-7.87,4
45389,1.28,-0.04,8.55,5.78,-38.52,-0.01,0.05,0,-0.01,-7.7,4
45409,1.1,-0.28,7.15,6.83,-37.26,0.13,0.05,0,-0.17,-7.49,5
45427,1.19,0.17,6.61,7.28,-36.84,-0.01,0.05,0,0.1,-7.57,4
45447,1.36,0.34,7.84,6.2,-38.73,-0.09,0.05,0,0.22,-7.7,5
45465,1.36,-0.09,8.85,5.77,-37.89,0.05,0.05,0,-0.04,-7.62,5
45481,1.28,-0.08,6.46,7.58,-37.89,0.06,0.05,0,-0.05,-7.49,4
45496,0.66,0.34,6.71,6.78,-37.68,-0.12,0.05,0,0.21,-7.66,4
45518,1.63,0.01,7.67,6.56,-38.1,-0.09,0.06,0,0.01,-7.58,5
45538,1.19,-0.69,8.8,6.04,-37.26,0.25,0.05,0,-0.41,-7.2,4
45557,0.92,-0.43,6.27,7.84,-35.59,0.25,0.04,0,-0.28,-7.16,5
45575,1.01,0.15,6.77,7.11,-37.26,0.21,0.03,0,0.09,-7.45,5
45591,1.63,0.65,5.57,7.66,-38.94,-0.04,0.03,0,0.39,-7.82,5
45606,1.36,0.7,6.96,6.74,-39.15,-0.16,0.04,0,0.43,-7.95,4
45625,1.36,0.09,8.53,5.5,-38.52,-0.05,0.05,0,0.07,-7.62,4
45644,1.1,-0.39,8.32,6.32,-37.26,0.2,0.05,0,-0.23,-7.37,5
45664,0.4,-0.02,6.09,7.34,-36.42,0.14,0.04,0,-0.02,-7.53,4
45684,1.28,0.69,5.99,7.26,-38.94,-0.14,0.04,0,0.42,-7.78,5
45700,1.36,0.48,9.02,5.4,-38.73,-0.2,0.05,0.01,0.31,-8.08,4
45719,1.36,-0.19,9.08,5.14,-37.89,0.02,0.06,0.01,-0.1,-7.58,4
45736,1.28,-0.31,6.98,6.91,-37.05,0.12,0.06,0,-0.19,-7.37,5
45752,1.36,0.15,6.11,7.59,-37.05,-0.02,0.05,0,0.09,-7.49,4
45769,1.36,0.29,7.77,5.88,-38.31,-0.12,0.05,0,0.19,-7.7,4
45789,1.45,-0.27,8.63,6.25,-37.89,0.08,0.05,0,-0.15,-7.45,4
45806,1.54,-0.12,6.51,7.49,-37.05,0.09,0.05,0,-0.08,-7.41,4
45823,1.28,0.48,6.66,7.23,-37.26,-0.14,0.05,0,0.29,-7.62,4
45842,1.28,0.2,8.6,5.31,-38.52,-0.09,0.05,0.01,0.14,-7.62,5
45863,1.1,-0.43,8.31,5.94,-37.26,0.15,0.06,0,-0.25,-7.33,5
45879,1.1,-0.25,6.46,6.9,-36.01,0.17,0.05,0,-0.16,-7.28,5
45895,1.36,0.25,6.62,6.97,-37.05,-0.04,0.05,0,0.15,-7.37,5
45912,1.36,0.23,7.09,6.87,-38.1,-0.09,0.05,0,0.15,-7.49,5
45928,1.1,-0.16,8.03,5.72,-37.47,0.08,0.05,0,-0.09,-7.41,4
45943,1.1,-0.03,6.57,8.15,-37.89,0.09,0.05,0,-0.03,-7.53,5
45959,1.36,0.51,6.95,6.62,-37.26,-0.12,0.04,0,0.31,-7.66,4
45974,1.36,0.35,7.87,5.21,-37.68,-0.12,0.05,0,0.23,-7.62,5
45988,0.57,-0.18,7.68,6.15,-37.26,0.05,0.05,0,-0.1,-7.45,4
46003,1.19,-0.07,6.63,7.2,-36.63,0.09,0.05,0,-0.05,-7.45,4
46017,1.36,0.43,6.14,7.56,-37.47,-0.04,0.04,0,0.26,-7.57,5
46032,1.45,0.41,6.74,6.84,-38.1,-0.08,0.04,0,0.25,-7.7,4
46047,1.36,-0.08,8.57,6.3,-37.68,0.03,0.05,0,-0.04,-7.58,5
46061,1.36,-0.07,6.18,7.25,-37.89,0.04,0.05,0,-0.05,-7.45,4
46076,1.45,0.26,7,6.64,-36.84,-0.11,0.05,0,0.16,-7.45,5
46090,1.36,0.02,8.17,6.1,-37.26,-0.09,0.06,0,0.03,-7.41,4
46105,1.36,-0.48,8.18,5.62,-36.42,0.07,0.07,0,-0.28,-7.28,5
46119,1.19,-0.3,7.64,6.9,-36.63,0.08,0.06,0,-0.18,-7.49,4
46133,1.36,0.21,6.13,7.72,-36.84,-0.01,0.05,0,0.12,-7.45,5
46148,1.36,0.27,7.69,5.7,-37.05,-0.1,0.05,0,0.17,-7.49,4
46162,1.28,-0.15,8.77,5.26,-36.63,-0.04,0.06,0.01,-0.07,-7.33,5
46176,1.01,-0.4,7.24,6.71,-36.63,0.06,0.06,0,-0.24,-7.24,5
46191,1.19,-0.11,5.79,8.29,-36.42,0.02,0.06,0,-0.08,-7.36,5
46205,1.36,0.14,5.81,8.27,-36.84,-0.04,0.05,0,0.08,-7.49,4
46219,1.19,-0.01,8.34,6.25,-36.84,0.01,0.05,0,0,-7.37,5
46234,1.1,-0.08,7.99,6.9,-36.84,0.04,0.05,0,-0.04,-7.33,4
46248,1.1,0.2,7.01,6.66,-37.26,-0.02,0.05,0,0.13,-7.41,4
46262,1.19,0.26,7.16,6.54,-37.47,-0.1,0.05,0,0.16,-7.37,5
46277,1.19,-0.12,8.6,5.82,-36.84,-0.02,0.06,0,-0.06,-7.37,4
46291,1.01,-0.36,7.38,6.64,-37.05,0.13,0.06,0,-0.22,-7.37,5
46308,1.1,0.02,6.6,7.52,-36.42,0.03,0.05,0,0.01,-7.16,4
46323,1.19,0.34,6.97,6.52,-37.05,-0.1,0.05,0,0.21,-7.45,4
46340,1.1,-0.02,7.81,6.04,-37.26,-0.04,0.05,0,0,-7.45,5
46356,1.1,-0.37,7.06,6.81,-36.42,0.14,0.06,0,-0.23,-7.24,4
46374,0.92,0.03,6.2,7.56,-37.26,0.06,0.05,0,0.01,-7.32,4
46394,1.1,0.51,6.4,7.81,-37.68,-0.17,0.05,0,0.31,-7.49,4
46410,1.01,0.27,8.54,5.98,-36.84,-0.17,0.05,0,0.18,-7.58,5
46429,1.1,-0.33,8.72,5.58,-36.42,0.09,0.06,0,-0.19,-7.08,4
46448,1.1,-0.08,6.04,8.3,-36.21,0.09,0.05,0,-0.06,-7.2,5
46464,1.19,0.49,5.98,7.62,-37.68,-0.11,0.04,0,0.3,-7.53,4
46480,1.28,0.29,6.88,6.74,-36.84,-0.14,0.05,0,0.18,-7.45,4
46496,1.01,-0.29,7.62,6.32,-36.42,0.05,0.06,0,-0.17,-7.33,4
46515,1.19,-0.1,6.64,6.79,-35.8,0.02,0.06,0,-0.06,-7.24,4
46536,1.19,0.23,6.71,7.1,-37.26,-0.08,0.05,0,0.14,-7.37,5
46551,1.1,-0.11,8.32,5.96,-36.84,-0.01,0.06,0,-0.05,-7.37,4
46569,1.01,-0.34,7.6,6.41,-36.42,0.14,0.06,0,-0.2,-7.24,4
46585,1.63,-0.02,6.75,7.23,-36.42,0.07,0.05,0,-0.02,-7.28,5
46604,1.28,0.56,6.74,6.82,-37.68,-0.13,0.04,0,0.35,-7.53,4
46623,1.1,0.33,8.84,5.17,-38.1,-0.14,0.05,0.01,0.23,-7.49,5
46638,1.19,-0.21,8,6.98,-36.42,0.05,0.05,0,-0.13,-7.28,4
46654,1.01,-0.15,6.93,6.79,-36.63,0.11,0.05,0,-0.09,-7.16,4
46674,1.28,0.48,6.53,6.87,-36.84,-0.14,0.05,0,0.3,-7.45,4
46691,1.28,0.31,8.03,6.17,-37.26,-0.2,0.06,0,0.2,-7.53,4
46709,1.28,-0.3,7.88,6.21,-36.42,-0.02,0.07,0,-0.18,-7.28,4
46728,0.22,-0.58,7.61,6.11,-35.38,0.18,0.06,0,-0.35,-7.03,4
46748,0.92,-0.15,5.96,8.12,-35.38,0.16,0.05,0,-0.1,-7.15,4
46767,1.1,0.49,6.08,7.32,-37.68,-0.07,0.04,0,0.3,-7.45,5
46783,1.19,0.39,7.19,6.31,-37.05,-0.13,0.04,0,0.25,-7.53,4
46799,1.1,-0.13,8.14,6.33,-37.05,0.08,0.05,0,-0.07,-7.28,5
46814,0.48,-0.01,6.36,7.62,-37.26,0.1,0.05,0,-0.01,-7.49,4
46833,0.92,0.62,6.54,7.23,-37.68,-0.16,0.04,0,0.38,-7.41,5
46852,1.28,0.34,9.08,5.52,-37.89,-0.19,0.05,0.01,0.23,-7.54,5
46869,1.28,-0.17,8.1,6.11,-36.63,0,0.06,0,-0.09,-7.28,4
46888,1.19,-0.35,7.16,7.27,-36.42,0.16,0.05,0,-0.22,-7.11,4
46904,1.19,0.03,6.05,7.39,-35.38,0.06,0.05,0,0.01,-7.24,4
46921,1.28,0.51,5.95,7.46,-36.63,-0.15,0.04,0,0.31,-7.36,5
46937,1.28,0.34,8.67,5.69,-37.05,-0.15,0.05,0,0.23,-7.49,4
46953,1.28,-0.21,8.05,6.25,-36.63,0.06,0.05,0,-0.12,-7.28,5
46968,0.75,-0.13,6.54,7.09,-36.21,0.1,0.05,0,-0.08,-7.2,5
46985,1.36,0.39,6.21,7.34,-36.42,-0.09,0.04,0,0.24,-7.41,5
46999,0.84,0.21,8.09,5.38,-36.84,-0.1,0.05,0,0.15,-7.24,4
47015,1.1,-0.35,8.14,6.43,-36.21,0.06,0.06,0,-0.21,-7.16,5
47031,1.8,-0.17,6.49,7.36,-36.01,0.02,0.06,0,-0.11,-7.2,5
47047,1.28,0.16,7.57,6.9,-36.21,-0.12,0.06,0,0.1,-7.2,4
47064,1.1,-0.22,7.47,6.38,-36.01,-0.01,0.06,0,-0.13,-7.28,5
47085,1.1,-0.48,7.61,6.81,-35.59,0.2,0.05,0,-0.29,-7.12,4
47102,0.57,-0.09,5.87,7.59,-34.75,0.12,0.04,0,-0.07,-7.11,5
47118,1.1,0.42,6.01,7.61,-36.63,-0.06,0.04,0,0.25,-7.41,4
47138,1.19,0.23,8.16,6.37,-37.47,-0.05,0.05,0,0.15,-7.45,4
47154,1.1,-0.17,7.53,6.56,-37.05,0.09,0.05,0,-0.1,-7.24,5
47171,1.1,0.11,6.52,7.86,-36.21,0,0.05,0,0.06,-7.16,5
47189,1.1,0.31,7.33,6.73,-37.26,-0.09,0.05,0,0.2,-7.37,4
47208,1.1,-0.09,8.73,5.47,-36.63,0.04,0.05,0,-0.04,-7.33,4
47228,1.01,-0.06,6.95,6.71,-36.21,0.08,0.05,0,-0.04,-7.2,5
47248,0.48,0.43,6.53,7.43,-36.84,-0.14,0.05,0,0.26,-7.45,4
47267,1.28,0.14,8.94,4.78,-37.26,-0.16,0.06,0.01,0.11,-7.41,4
47287,0.92,-0.46,7.99,5.47,-36.01,0.07,0.06,0,-0.27,-7.12,4
47307,1.01,-0.18,6.58,7.72,-35.59,0.06,0.06,0,-0.12,-7.11,4
47327,1.1,0.4,6.8,6.88,-36.42,-0.17,0.05,0,0.24,-7.32,4
47343,1.1,0.14,8.17,6.19,-36.01,-0.16,0.06,0,0.09,-7.41,4
47363,1.01,-0.5,8.25,6.14,-35.17,0.15,0.06,0,-0.3,-7.12,5
47383,0.92,-0.2,6.42,7.33,-35.17,0.19,0.05,0,-0.13,-7.2,4
47399,1.01,0.29,7.13,7.27,-36.63,-0.03,0.04,0,0.18,-7.37,5
47415,0.92,0.27,7.45,6.48,-36.84,-0.11,0.05,0,0.18,-7.41,4
47431,0.92,-0.24,7.65,6.82,-35.8,0.09,0.05,0,-0.14,-7.24,4
47450,0.75,0,6.03,8.02,-36.21,0.12,0.05,0,-0.01,-7.11,4
47471,1.1,0.68,5.97,7.79,-38.1,-0.18,0.04,0,0.41,-7.53,5
47490,1.36,0.41,8.21,5.7,-37.68,-0.2,0.05,0,0.27,-7.58,4
47509,1.1,-0.33,7.78,6.27,-36.21,0.02,0.06,0,-0.2,-7.24,4
47528,0.92,-0.39,6.28,7.61,-35.38,0.13,0.06,0,-0.25,-7.11,4
47545,1.1,0.09,6.01,7.75,-36.01,-0.01,0.05,0,0.05,-7.24,4
47563,1.1,0.24,7.56,6.91,-36.84,-0.11,0.05,0,0.15,-7.41,5
47581,0.92,-0.26,8.34,5.51,-36.21,0.05,0.06,0,-0.15,-7.28,5
47602,0.66,-0.21,5.87,7.74,-35.38,0.13,0.05,0,-0.14,-7.28,5
47622,1.1,0.43,6.87,6.92,-36.84,-0.06,0.04,0,0.26,-7.53,4
47637,1.1,0.31,8.08,5.67,-37.89,-0.12,0.05,0,0.21,-7.66,4
47653,1.01,-0.21,8.47,5.88,-37.05,0.06,0.05,0,-0.12,-7.37,4
47670,0.92,-0.09,6.37,7.89,-36.84,0.05,0.05,0,-0.06,-7.32,4
47687,1.01,0.33,6.27,7.47,-37.26,-0.15,0.05,0,0.2,-7.41,4
47707,0.84,0.02,9.4,4.22,-37.47,-0.12,0.06,0.01,0.04,-7.45,4
47726,0.66,-0.66,8.85,5.92,-35.8,0.11,0.07,0,-0.39,-7.24,4
47743,0.66,-0.45,6.41,7.28,-36.42,0.21,0.06,0,-0.28,-7.11,4
47763,0.57,0.1,6.27,7.03,-37.05,0.05,0.05,0,0.06,-7.32,4
47779,0.75,0.41,7.02,6.99,-37.68,-0.1,0.04,0,0.25,-7.62,4
47795,1.36,0.19,8.01,6.17,-37.68,-0.09,0.05,0,0.13,-7.58,5
47813,0.57,-0.46,8.38,6.19,-37.47,0.13,0.06,0,-0.27,-7.41,5
47832,0.66,-0.15,6.02,7.6,-36.63,0.11,0.05,0,-0.1,-7.45,4
47849,0.75,0.35,6.79,7.8,-37.26,-0.11,0.05,0,0.21,-7.62,5
47869,0.31,-0.03,8.72,6.09,-37.89,-0.03,0.05,0,-0.01,-7.45,5
47888,0.75,-0.44,7.42,6.48,-36.84,0.17,0.05,0,-0.27,-7.45,5
47904,0.48,-0.21,6.6,7.36,-37.26,0.18,0.05,0,-0.13,-7.37,4
47920,0.48,0.27,6.02,7.8,-38.31,0.04,0.04,0,0.16,-7.7,5
47937,0.66,0.59,6.92,7.42,-38.52,-0.1,0.04,0,0.36,-7.83,4
47952,0.66,0.25,8.51,5.58,-38.94,-0.05,0.05,0,0.17,-7.87,4
47968,0.84,-0.16,7.85,6.38,-38.73,0.13,0.05,0,-0.09,-7.7,4
47984,0.57,0.08,6.1,7.52,-39.15,0.09,0.04,0,0.04,-7.74,4
48001,0.84,0.56,6.88,7.57,-39.98,-0.13,0.04,0,0.35,-7.95,4
48016,0.84,0.39,8.01,6.43,-38.52,-0.18,0.05,0,0.25,-7.95,4
48032,1.19,-0.2,8.77,5.58,-38.73,0.08,0.06,0,-0.11,-7.75,5
48052,0.84,0.08,6.48,7.07,-38.73,-0.03,0.06,0,0.04,-7.87,5
48073,0.84,0.1,7.68,6.19,-39.56,-0.11,0.06,0,0.07,-7.87,5
48092,1.1,-0.5,8.09,5.8,-38.1,0.12,0.06,0,-0.29,-7.7,4
48112,0.57,-0.29,6.67,7.53,-37.89,0.16,0.06,0,-0.19,-7.62,4
48129,0.57,0.24,6.15,7.87,-40.19,0,0.05,0,0.14,-7.95,5
48146,0.66,0.39,6.88,6.96,-41.66,-0.05,0.05,0,0.24,-8.04,4
48165,0.48,-0.06,8.74,5.9,-39.77,0.05,0.05,0,-0.02,-7.91,5
48185,0.57,0.13,5.95,7.35,-39.56,0.06,0.05,0,0.07,-7.78,4
48205,0.92,0.6,6.12,7.17,-41.24,-0.14,0.05,0,0.36,-8.16,4
48225,0.92,0.24,7.93,5.49,-41.24,-0.11,0.05,0,0.16,-8.21,4
48240,0.75,-0.41,8.01,6.24,-39.77,0.13,0.06,0,-0.24,-7.74,5
48257,0.57,-0.34,6.41,7.18,-39.15,0.17,0.06,0,-0.22,-7.66,5
48273,0.57,0.21,5.62,7.55,-40.61,0.01,0.05,0,0.12,-8.03,5
48290,0.84,0.41,6.57,7.6,-41.03,-0.14,0.05,0,0.25,-8.2,4
48310,0.66,-0.07,8.54,5.59,-40.61,-0.03,0.06,0,-0.03,-8.12,4
48329,0.48,-0.54,7.21,6.96,-39.56,0.23,0.06,0,-0.33,-7.83,4
48350,0.48,-0.14,6.41,7.47,-40.19,0.19,0.05,0,-0.09,-7.99,4
48366,0.66,0.4,6.31,7.71,-41.24,-0.02,0.05,0,0.24,-8.29,4
48386,0.75,0.37,8.14,6.66,-41.45,-0.13,0.05,0,0.24,-8.41,4
48406,0.4,-0.32,9.4,4.9,-40.61,0.1,0.06,0.01,-0.17,-8,4
48427,0.48,-0.09,6.58,7.36,-40.82,0.09,0.06,0,-0.06,-8.12,5
48443,0.92,0.45,7.2,6.83,-41.87,-0.12,0.05,0,0.28,-8.5,5
48460,0.75,0.23,7.87,6.05,-42.29,-0.1,0.05,0,0.15,-8.46,4
48479,0.13,-0.52,7.95,5.85,-40.61,0.22,0.06,0,-0.31,-8.04,4
48498,0.4,-0.36,5.38,8.43,-39.77,0.25,0.05,-0.01,-0.24,-8.12,4
48518,0.57,0.29,6.44,7.79,-41.87,0.12,0.04,0,0.17,-8.41,4
48535,0.75,0.76,6.03,7.95,-42.7,-0.11,0.04,0,0.46,-8.7,5
48556,0.84,0.37,9.24,5.08,-43.33,-0.08,0.05,0.01,0.25,-8.54,5
48575,0.66,-0.23,7.74,6.51,-41.66,0.16,0.05,0,-0.13,-8.37,5
48595,0.75,0.04,6.6,7.32,-42.29,0.09,0.05,0,0.02,-8.24,5
48611,0.75,0.53,6.39,7.27,-43.54,-0.11,0.05,0,0.32,-8.62,5
48626,1.1,0.24,7.3,6.41,-42.91,-0.1,0.05,0,0.16,-8.5,5
48640,0.66,-0.37,8.11,6.22,-41.87,0.16,0.06,0,-0.22,-8.46,4
48661,-0.04,-0.14,5.87,7.79,-42.49,0.22,0.05,0,-0.09,-8.54,4
48681,0.84,0.46,6.46,7.64,-43.75,-0.01,0.04,0,0.28,-8.75,4
48696,0.92,0.53,7.45,6.63,-44.17,-0.1,0.05,0,0.33,-8.79,4
48712,1.01,0.1,7.94,5.89,-43.33,-0.04,0.05,0,0.07,-8.67,4
48729,0.92,-0.23,7.85,6.63,-42.7,0.13,0.06,0,-0.14,-8.5,4
48749,0.92,0.18,5.98,7.81,-42.29,0.03,0.05,0,0.1,-8.62,5
48767,1.01,0.53,7.52,6.27,-44.59,-0.13,0.05,0,0.33,-8.87,4
48786,1.01,0,8.72,5.31,-43.33,-0.01,0.06,0.01,0.02,-8.62,4
48803,0.84,-0.3,7.98,6.27,-43.12,0.18,0.06,0,-0.18,-8.58,4
48823,1.01,0.08,6.87,6.73,-42.91,0.1,0.05,0,0.05,-8.79,5
48843,1.19,0.67,6.47,7.13,-43.54,-0.17,0.05,0,0.41,-8.79,4
48863,1.19,0.31,8.46,5.23,-44.59,-0.16,0.06,0.01,0.21,-8.88,4
48879,1.1,-0.16,7.35,6.99,-43.12,0.06,0.06,0,-0.1,-8.75,4
48896,1.1,0.02,7.03,6.96,-43.33,0.03,0.06,0,0.01,-8.62,5
48913,1.98,0.36,6.85,7.08,-44.59,-0.13,0.06,0,0.22,-8.96,5
48930,1.19,0.01,7.57,6.81,-43.54,-0.07,0.07,0,0.01,-8.83,5
48945,0.84,-0.47,7.78,6.12,-43.12,0.17,0.07,0,-0.28,-8.58,5
48962,1.1,-0.31,6.76,7.75,-42.49,0.2,0.06,0,-0.2,-8.62,4
48977,1.1,0.24,6.97,7.11,-43.75,0.01,0.05,0,0.15,-8.75,4
48994,1.1,0.42,6.87,6.92,-43.96,-0.13,0.06,0,0.26,-8.91,4
49010,1.19,0.03,8.1,6.32,-43.96,-0.04,0.06,0,0.03,-8.75,4
49026,1.01,-0.25,7.03,6.85,-43.54,0.1,0.06,0,-0.15,-8.66,4
